worksetName,categoryName,objectName
1-02-A,Doors,PD1
1-02-A,Doors,SD1
1-02-A,Doors,SD2
1-02-A,Doors,SD3
1-02-A,Doors,SD4
1-02-A,Doors,SD5
1-02-A,Floors,강마루(T=7.5)
1-02-A,Floors,경량기포콘크리트(T=40)
1-02-A,Floors,경질우레탄보드(T=30)
1-02-A,Floors,경질우레탄보드(T=50)
1-02-A,Floors,경질우레탄보드(T=70)
1-02-A,Floors,경질우레탄보드(T=70)
1-02-A,Floors,구배몰탈(T=70)
1-02-A,Floors,도막방수(T=3)
1-02-A,Floors,시멘트몰탈(T=42.5)
1-02-A,Floors,시멘트몰탈(T=67)
1-02-A,Floors,시멘트몰탈(T=70)
1-02-A,Floors,자기질타일(T=10)
1-02-A,Floors,콘크리트(T=180)
1-02-A,Floors,콘크리트(T=180)
1-02-A,Floors,포세린타일(T=10)
1-02-A,Rooms,Room 17
1-02-A,Rooms,Room 18
1-02-A,Rooms,Room 19
1-02-A,Rooms,Room 20
1-02-A,Rooms,Room 21
1-02-A,Rooms,Room 22
1-02-A,Rooms,Room 23
1-02-A,Rooms,Room 24
1-02-A,Rooms,Room 25
1-02-A,Rooms,Room 26
1-02-A,Rooms,Room 54
1-02-A,Rooms,Room 63
1-02-A,Rooms,Room 64
1-02-A,Rooms,Room 65
1-02-A,Rooms,Room 67
1-02-A,Rooms,Room 76
1-02-A,Walls,D1-METAL C-STUD
1-02-A,Walls,D1-METAL C-STUD
1-02-A,Walls,D1-METAL C-STUD
1-02-A,Walls,D1-METAL C-STUD
1-02-A,Walls,D1-METAL C-STUD
1-02-A,Walls,D1-METAL C-STUD
1-02-A,Walls,D1-METAL C-STUD
1-02-A,Walls,D1-METAL C-STUD
1-02-A,Walls,D1-METAL C-STUD
1-02-A,Walls,D1-METAL C-STUD
1-02-A,Walls,D1-일반석고보드
1-02-A,Walls,D1-일반석고보드
1-02-A,Walls,D1-일반석고보드
1-02-A,Walls,D1-일반석고보드
1-02-A,Walls,D1-일반석고보드
1-02-A,Walls,D1-일반석고보드
1-02-A,Walls,D1-일반석고보드
1-02-A,Walls,D1-일반석고보드
1-02-A,Walls,D1-일반석고보드
1-02-A,Walls,D1-일반석고보드
1-02-A,Walls,D1-일반석고보드
1-02-A,Walls,D1-일반석고보드
1-02-A,Walls,D1-일반석고보드
1-02-A,Walls,D1-일반석고보드
1-02-A,Walls,D1-일반석고보드
1-02-A,Walls,D1-일반석고보드
1-02-A,Walls,D1-일반석고보드
1-02-A,Walls,D1-일반석고보드
1-02-A,Walls,D1-일반석고보드
1-02-A,Walls,D1-일반석고보드
1-02-A,Walls,D3-METAL C-STUD
1-02-A,Walls,D3-일반석고보드
1-02-A,Walls,D3-일반석고보드
1-02-A,Walls,D3-일반석고보드
1-02-A,Walls,D3-일반석고보드
1-02-A,Walls,D4-그라스울보온재24k
1-02-A,Walls,D4-그라스울보온재24k
1-02-A,Walls,D4-그라스울보온재24k
1-02-A,Walls,D4-일반석고보드
1-02-A,Walls,D4-일반석고보드
1-02-A,Walls,D4-일반석고보드
1-02-A,Walls,D4-일반석고보드
1-02-A,Walls,D4-일반석고보드
1-02-A,Walls,D4-일반석고보드
1-02-A,Walls,D4-일반석고보드
1-02-A,Walls,D4-일반석고보드
1-02-A,Walls,D4-일반석고보드
1-02-A,Walls,D4-일반석고보드
1-02-A,Walls,D4-일반석고보드
1-02-A,Walls,D4-일반석고보드
1-02-A,Walls,D8-METAL C-STUD
1-02-A,Walls,D8-일반석고보드
1-02-A,Walls,D8-합판
1-02-A,Walls,DF1-METAL C-STUD
1-02-A,Walls,DF1-방화석고보드
1-02-A,Walls,DF1-방화석고보드
1-02-A,Walls,DF2-그라스울보온재24k
1-02-A,Walls,DF2-방화석고보드
1-02-A,Walls,DF2-방화석고보드
1-02-A,Walls,DW1-METAL C-STUD
1-02-A,Walls,DW1-METAL C-STUD
1-02-A,Walls,DW1-방수석고보드
1-02-A,Walls,DW1-방수석고보드
1-02-A,Walls,DW1-방수석고보드
1-02-A,Walls,DW1-방수석고보드
1-02-A,Walls,DW1-방수석고보드
1-02-A,Walls,DW1-방수석고보드
1-02-A,Walls,DW2-그라스울보온재24k
1-02-A,Walls,DW2-방수석고보드
1-02-A,Walls,DW2-방수석고보드
1-02-A,Walls,DW3-METAL C-STUD
1-02-A,Walls,DW3-방수석고보드
1-02-A,Walls,DW3-방수석고보드
1-02-A,Walls,DW3-일반석고보드
1-02-A,Walls,DW3-일반석고보드
1-02-A,Walls,DW4-그라스울보온재24k
1-02-A,Walls,DW4-방수석고보드
1-02-A,Walls,DW4-방수석고보드
1-02-A,Walls,DW4-일반석고보드
1-02-A,Walls,DW4-일반석고보드
1-02-A,Walls,HiddenWall
1-02-A,Walls,SGP패널(T=13)
1-02-A,Walls,SGP패널(T=13)
1-02-A,Walls,SGP패널(T=13)
1-02-A,Walls,SGP패널(T=13)
1-02-A,Walls,SGP패널(T=13)
1-02-A,Walls,SGP패널(T=13)
1-02-A,Walls,경질우레탄보드(T=120)(일면은박)-경질우레탄보드
1-02-A,Walls,도막방수(T=3)-Hidden
1-02-A,Walls,도막방수(T=3)-Hidden
1-02-A,Walls,도막방수(T=3)-Hidden
1-02-A,Walls,도막방수(T=3)-Hidden
1-02-A,Walls,도막방수(T=3)-Hidden
1-02-A,Walls,도막방수(T=3)-Hidden
1-02-A,Walls,석재단열패널(회색)(T=35)
1-02-A,Walls,석재단열패널(회색)(T=35)
1-02-A,Walls,우레탄심재 준불연단열재(T=100)
1-02-A,Walls,우레탄심재 준불연단열재(T=100)
1-02-A,Walls,우레탄심재 준불연단열재(T=100)
1-02-A,Walls,우레탄심재 준불연단열재(T=100)
1-02-A,Walls,우레탄심재 준불연단열재(T=100)
1-02-A,Walls,우레탄심재 준불연단열재(T=70)
1-02-A,Walls,우레탄심재 준불연단열재(T=70)
1-02-A,Walls,우레탄심재 준불연단열재(T=70)
1-02-A,Walls,우레탄심재 준불연단열재(T=70)
1-02-A,Walls,우레탄심재 준불연단열재(T=70)
1-02-A,Walls,우레탄심재 준불연단열재(T=70)
1-02-A,Walls,일반석고보드(바탕용)
1-02-A,Walls,칼라강판(T=15)
1-02-A,Walls,칼라강판(T=15)
1-02-A,Walls,함석판(T=0.3)
1-02-A,Windows,AW6
1-02-A,Windows,AW6
1-02-A,Windows,PW1
1-02-A,Windows,PW2
1-03-A,Doors,PD1
1-03-A,Doors,SD1
1-03-A,Doors,SD2
1-03-A,Doors,SD3
1-03-A,Doors,SD5
1-03-A,Floors,강마루(T=7.5)
1-03-A,Floors,경량기포콘크리트(T=40)
1-03-A,Floors,경질우레탄보드(T=30)
1-03-A,Floors,경질우레탄보드(T=50)
1-03-A,Floors,경질우레탄보드(T=70)
1-03-A,Floors,경질우레탄보드(T=70)
1-03-A,Floors,구배몰탈(T=70)
1-03-A,Floors,도막방수(T=3)
1-03-A,Floors,시멘트몰탈(T=42.5)
1-03-A,Floors,시멘트몰탈(T=67)
1-03-A,Floors,시멘트몰탈(T=70)
1-03-A,Floors,자기질타일(T=10)
1-03-A,Floors,콘크리트(T=180)
1-03-A,Floors,콘크리트(T=180)
1-03-A,Floors,포세린타일(T=10)
1-03-A,Walls,D1-METAL C-STUD
1-03-A,Walls,D1-METAL C-STUD
1-03-A,Walls,D1-METAL C-STUD
1-03-A,Walls,D1-METAL C-STUD
1-03-A,Walls,D1-METAL C-STUD
1-03-A,Walls,D1-METAL C-STUD
1-03-A,Walls,D1-METAL C-STUD
1-03-A,Walls,D1-METAL C-STUD
1-03-A,Walls,D1-METAL C-STUD
1-03-A,Walls,D1-METAL C-STUD
1-03-A,Walls,D1-METAL C-STUD
1-03-A,Walls,D1-일반석고보드
1-03-A,Walls,D1-일반석고보드
1-03-A,Walls,D1-일반석고보드
1-03-A,Walls,D1-일반석고보드
1-03-A,Walls,D1-일반석고보드
1-03-A,Walls,D1-일반석고보드
1-03-A,Walls,D1-일반석고보드
1-03-A,Walls,D1-일반석고보드
1-03-A,Walls,D1-일반석고보드
1-03-A,Walls,D1-일반석고보드
1-03-A,Walls,D1-일반석고보드
1-03-A,Walls,D1-일반석고보드
1-03-A,Walls,D1-일반석고보드
1-03-A,Walls,D1-일반석고보드
1-03-A,Walls,D1-일반석고보드
1-03-A,Walls,D1-일반석고보드
1-03-A,Walls,D1-일반석고보드
1-03-A,Walls,D1-일반석고보드
1-03-A,Walls,D1-일반석고보드
1-03-A,Walls,D1-일반석고보드
1-03-A,Walls,D1-일반석고보드
1-03-A,Walls,D1-일반석고보드
1-03-A,Walls,D3-METAL C-STUD
1-03-A,Walls,D3-일반석고보드
1-03-A,Walls,D3-일반석고보드
1-03-A,Walls,D3-일반석고보드
1-03-A,Walls,D3-일반석고보드
1-03-A,Walls,D4-그라스울보온재24k
1-03-A,Walls,D4-그라스울보온재24k
1-03-A,Walls,D4-그라스울보온재24k
1-03-A,Walls,D4-일반석고보드
1-03-A,Walls,D4-일반석고보드
1-03-A,Walls,D4-일반석고보드
1-03-A,Walls,D4-일반석고보드
1-03-A,Walls,D4-일반석고보드
1-03-A,Walls,D4-일반석고보드
1-03-A,Walls,D4-일반석고보드
1-03-A,Walls,D4-일반석고보드
1-03-A,Walls,D4-일반석고보드
1-03-A,Walls,D4-일반석고보드
1-03-A,Walls,D4-일반석고보드
1-03-A,Walls,D4-일반석고보드
1-03-A,Walls,D8-METAL C-STUD
1-03-A,Walls,D8-일반석고보드
1-03-A,Walls,D8-합판
1-03-A,Walls,DF1-METAL C-STUD
1-03-A,Walls,DF1-방화석고보드
1-03-A,Walls,DF1-방화석고보드
1-03-A,Walls,DF2-그라스울보온재24k
1-03-A,Walls,DF2-방화석고보드
1-03-A,Walls,DF2-방화석고보드
1-03-A,Walls,HiddenWall
1-03-A,Walls,SGP패널(T=13)
1-03-A,Walls,SGP패널(T=13)
1-03-A,Walls,SGP패널(T=13)
1-03-A,Walls,SGP패널(T=13)
1-03-A,Walls,SGP패널(T=13)
1-03-A,Walls,SGP패널(T=13)
1-03-A,Walls,경질우레탄보드(T=120)(일면은박)-경질우레탄보드
1-03-A,Walls,도막방수(T=3)-Hidden
1-03-A,Walls,도막방수(T=3)-Hidden
1-03-A,Walls,도막방수(T=3)-Hidden
1-03-A,Walls,도막방수(T=3)-Hidden
1-03-A,Walls,도막방수(T=3)-Hidden
1-03-A,Walls,도막방수(T=3)-Hidden
1-03-A,Walls,석재단열패널(회색)(T=35)
1-03-A,Walls,석재단열패널(회색)(T=35)
1-03-A,Walls,우레탄심재 준불연단열재(T=100)
1-03-A,Walls,우레탄심재 준불연단열재(T=100)
1-03-A,Walls,우레탄심재 준불연단열재(T=100)
1-03-A,Walls,우레탄심재 준불연단열재(T=100)
1-03-A,Walls,우레탄심재 준불연단열재(T=70)
1-03-A,Walls,우레탄심재 준불연단열재(T=70)
1-03-A,Walls,우레탄심재 준불연단열재(T=70)
1-03-A,Walls,우레탄심재 준불연단열재(T=70)
1-03-A,Walls,우레탄심재 준불연단열재(T=70)
1-03-A,Walls,일반석고보드(바탕용)
1-03-A,Walls,일반석고보드(바탕용)
1-03-A,Walls,칼라강판(T=15)
1-03-A,Walls,칼라강판(T=15)
1-03-A,Walls,함석판(T=0.3)
1-03-A,Windows,AW5
1-03-A,Windows,PW1
1-03-A,Windows,PW2
1-04-A,Doors,PD1
1-04-A,Doors,SD1
1-04-A,Doors,SD2
1-04-A,Doors,SD3
1-04-A,Doors,SD5
1-04-A,Floors,강마루(T=7.5)
1-04-A,Floors,경량기포콘크리트(T=40)
1-04-A,Floors,경질우레탄보드(T=30)
1-04-A,Floors,경질우레탄보드(T=50)
1-04-A,Floors,경질우레탄보드(T=70)
1-04-A,Floors,경질우레탄보드(T=70)
1-04-A,Floors,구배몰탈(T=70)
1-04-A,Floors,도막방수(T=3)
1-04-A,Floors,시멘트몰탈(T=42.5)
1-04-A,Floors,시멘트몰탈(T=67)
1-04-A,Floors,시멘트몰탈(T=70)
1-04-A,Floors,자기질타일(T=10)
1-04-A,Floors,콘크리트(T=180)
1-04-A,Floors,콘크리트(T=180)
1-04-A,Floors,포세린타일(T=10)
1-04-A,Walls,D1-METAL C-STUD
1-04-A,Walls,D1-METAL C-STUD
1-04-A,Walls,D1-METAL C-STUD
1-04-A,Walls,D1-METAL C-STUD
1-04-A,Walls,D1-METAL C-STUD
1-04-A,Walls,D1-METAL C-STUD
1-04-A,Walls,D1-METAL C-STUD
1-04-A,Walls,D1-METAL C-STUD
1-04-A,Walls,D1-METAL C-STUD
1-04-A,Walls,D1-METAL C-STUD
1-04-A,Walls,D1-METAL C-STUD
1-04-A,Walls,D1-일반석고보드
1-04-A,Walls,D1-일반석고보드
1-04-A,Walls,D1-일반석고보드
1-04-A,Walls,D1-일반석고보드
1-04-A,Walls,D1-일반석고보드
1-04-A,Walls,D1-일반석고보드
1-04-A,Walls,D1-일반석고보드
1-04-A,Walls,D1-일반석고보드
1-04-A,Walls,D1-일반석고보드
1-04-A,Walls,D1-일반석고보드
1-04-A,Walls,D1-일반석고보드
1-04-A,Walls,D1-일반석고보드
1-04-A,Walls,D1-일반석고보드
1-04-A,Walls,D1-일반석고보드
1-04-A,Walls,D1-일반석고보드
1-04-A,Walls,D1-일반석고보드
1-04-A,Walls,D1-일반석고보드
1-04-A,Walls,D1-일반석고보드
1-04-A,Walls,D1-일반석고보드
1-04-A,Walls,D1-일반석고보드
1-04-A,Walls,D1-일반석고보드
1-04-A,Walls,D1-일반석고보드
1-04-A,Walls,D3-METAL C-STUD
1-04-A,Walls,D3-일반석고보드
1-04-A,Walls,D3-일반석고보드
1-04-A,Walls,D3-일반석고보드
1-04-A,Walls,D3-일반석고보드
1-04-A,Walls,D4-그라스울보온재24k
1-04-A,Walls,D4-그라스울보온재24k
1-04-A,Walls,D4-그라스울보온재24k
1-04-A,Walls,D4-일반석고보드
1-04-A,Walls,D4-일반석고보드
1-04-A,Walls,D4-일반석고보드
1-04-A,Walls,D4-일반석고보드
1-04-A,Walls,D4-일반석고보드
1-04-A,Walls,D4-일반석고보드
1-04-A,Walls,D4-일반석고보드
1-04-A,Walls,D4-일반석고보드
1-04-A,Walls,D4-일반석고보드
1-04-A,Walls,D4-일반석고보드
1-04-A,Walls,D4-일반석고보드
1-04-A,Walls,D4-일반석고보드
1-04-A,Walls,D8-METAL C-STUD
1-04-A,Walls,D8-일반석고보드
1-04-A,Walls,D8-합판
1-04-A,Walls,DF2-그라스울보온재24k
1-04-A,Walls,DF2-그라스울보온재24k
1-04-A,Walls,DF2-방화석고보드
1-04-A,Walls,DF2-방화석고보드
1-04-A,Walls,DF2-방화석고보드
1-04-A,Walls,DF2-방화석고보드
1-04-A,Walls,HiddenWall
1-04-A,Walls,SGP패널(T=13)
1-04-A,Walls,SGP패널(T=13)
1-04-A,Walls,SGP패널(T=13)
1-04-A,Walls,SGP패널(T=13)
1-04-A,Walls,SGP패널(T=13)
1-04-A,Walls,SGP패널(T=13)
1-04-A,Walls,경질우레탄보드(T=120)(일면은박)-경질우레탄보드
1-04-A,Walls,도막방수(T=3)-Hidden
1-04-A,Walls,도막방수(T=3)-Hidden
1-04-A,Walls,도막방수(T=3)-Hidden
1-04-A,Walls,도막방수(T=3)-Hidden
1-04-A,Walls,도막방수(T=3)-Hidden
1-04-A,Walls,도막방수(T=3)-Hidden
1-04-A,Walls,석재단열패널(회색)(T=35)
1-04-A,Walls,석재단열패널(회색)(T=35)
1-04-A,Walls,우레탄심재 준불연단열재(T=100)
1-04-A,Walls,우레탄심재 준불연단열재(T=100)
1-04-A,Walls,우레탄심재 준불연단열재(T=100)
1-04-A,Walls,우레탄심재 준불연단열재(T=100)
1-04-A,Walls,우레탄심재 준불연단열재(T=100)
1-04-A,Walls,우레탄심재 준불연단열재(T=70)
1-04-A,Walls,우레탄심재 준불연단열재(T=70)
1-04-A,Walls,우레탄심재 준불연단열재(T=70)
1-04-A,Walls,우레탄심재 준불연단열재(T=70)
1-04-A,Walls,우레탄심재 준불연단열재(T=70)
1-04-A,Walls,우레탄심재 준불연단열재(T=70)
1-04-A,Walls,일반석고보드(바탕용)
1-04-A,Walls,일반석고보드(바탕용)
1-04-A,Walls,칼라강판(T=15)
1-04-A,Walls,칼라강판(T=15)
1-04-A,Walls,함석판(T=0.3)
1-04-A,Windows,AW5
1-04-A,Windows,PW1
1-04-A,Windows,PW2
1-05-ST,Floors,콘크리트(T=180)
1-05-ST,Floors,콘크리트(T=180)
1-05-ST,Floors,콘크리트(T=180)
1-05-ST,Walls,D1-METAL C-STUD
1-05-ST,Walls,D1-METAL C-STUD
1-05-ST,Walls,D1-METAL C-STUD
1-05-ST,Walls,D1-일반석고보드
1-05-ST,Walls,D1-일반석고보드
1-05-ST,Walls,D1-일반석고보드
1-05-ST,Walls,D1-일반석고보드
1-05-ST,Walls,D1-일반석고보드
1-05-ST,Walls,D1-일반석고보드
1-05-ST,Walls,D1-일반석고보드
1-05-ST,Walls,D1-일반석고보드
1-05-ST,Walls,D1-일반석고보드
1-05-ST,Walls,D1-일반석고보드
1-05-ST,Walls,D3-METAL C-STUD
1-05-ST,Walls,D3-METAL C-STUD
1-05-ST,Walls,D3-METAL C-STUD
1-05-ST,Walls,D3-일반석고보드
1-05-ST,Walls,D3-일반석고보드
1-05-ST,Walls,D3-일반석고보드
1-05-ST,Walls,D3-일반석고보드
1-05-ST,Walls,D3-일반석고보드
1-05-ST,Walls,D3-일반석고보드
1-05-ST,Walls,D3-일반석고보드
1-05-ST,Walls,D3-일반석고보드
1-05-ST,Walls,D3-일반석고보드
1-05-ST,Walls,D3-일반석고보드
1-05-ST,Walls,D3-일반석고보드
1-05-ST,Walls,D3-일반석고보드
1-05-ST,Walls,D5-METAL C-STUD
1-05-ST,Walls,D5-일반석고보드
1-05-ST,Walls,D5-일반석고보드
1-05-ST,Walls,경질우레탄보드(T=120)(일면은박)-경질우레탄보드
1-05-ST,Walls,석재단열패널(회색)(T=35)
1-05-ST,Walls,석재단열패널(회색)(T=35)
1-05-ST,Walls,우레탄심재 준불연단열재(T=100)
1-05-ST,Walls,우레탄심재 준불연단열재(T=100)
1-05-ST,Walls,우레탄심재 준불연단열재(T=100)
1-05-ST,Walls,우레탄심재 준불연단열재(T=70)
1-05-ST,Walls,우레탄심재 준불연단열재(T=70)
1-05-ST,Walls,우레탄심재 준불연단열재(T=70)
1-05-ST,Walls,우레탄심재 준불연단열재(T=70)
1-05-ST,Walls,우레탄심재 준불연단열재(T=70)
1-05-ST,Walls,우레탄심재 준불연단열재(T=70)
1-05-ST,Walls,일반석고보드(바탕용)
1-05-ST,Walls,일반석고보드(바탕용)
1-05-ST,Walls,칼라강판(T=15)
1-05-ST,Walls,칼라강판(T=15)
1-05-ST,Walls,함석판(T=0.3)
1-05-ST,Windows,AW4
1-05-ST,Windows,AW5
1-06-L,Floors,콘크리트(T=180)
1-06-L,Floors,콘크리트(T=180)
1-06-L,Rooms,Room 233
1-06-L,Walls,D1-METAL C-STUD
1-06-L,Walls,D1-METAL C-STUD
1-06-L,Walls,D1-METAL C-STUD
1-06-L,Walls,D1-METAL C-STUD
1-06-L,Walls,D1-METAL C-STUD
1-06-L,Walls,D1-METAL C-STUD
1-06-L,Walls,D1-METAL C-STUD
1-06-L,Walls,D1-METAL C-STUD
1-06-L,Walls,D1-METAL C-STUD
1-06-L,Walls,D1-METAL C-STUD
1-06-L,Walls,D1-일반석고보드
1-06-L,Walls,D1-일반석고보드
1-06-L,Walls,D1-일반석고보드
1-06-L,Walls,D1-일반석고보드
1-06-L,Walls,D1-일반석고보드
1-06-L,Walls,D1-일반석고보드
1-06-L,Walls,D1-일반석고보드
1-06-L,Walls,D1-일반석고보드
1-06-L,Walls,D1-일반석고보드
1-06-L,Walls,D1-일반석고보드
1-06-L,Walls,D1-일반석고보드
1-06-L,Walls,D1-일반석고보드
1-06-L,Walls,D1-일반석고보드
1-06-L,Walls,D1-일반석고보드
1-06-L,Walls,D1-일반석고보드
1-06-L,Walls,D1-일반석고보드
1-06-L,Walls,D1-일반석고보드
1-06-L,Walls,D1-일반석고보드
1-06-L,Walls,D1-일반석고보드
1-06-L,Walls,D1-일반석고보드
1-06-L,Walls,석재단열패널(회색)(T=35)
1-06-L,Walls,우레탄심재 준불연단열재(T=70)
1-06-L,Walls,우레탄심재 준불연단열재(T=70)
1-06-L,Walls,우레탄심재 준불연단열재(T=70)
1-06-L,Walls,일반석고보드(바탕용)
1-06-L,Walls,일반석고보드(바탕용)
1-06-L,Walls,함석판(T=0.3)
1-06-L,Windows,AW5
1-07-G,Doors,AD1
1-07-G,Doors,SD5
1-07-G,Floors,경질우레탄보드(T=70)
1-07-G,Floors,경질우레탄보드(T=70)
1-07-G,Floors,구배몰탈(T=60)
1-07-G,Floors,도막방수(T=3)
1-07-G,Floors,무근콘크리트(T=100)
1-07-G,Floors,시멘트몰탈(T=60)
1-07-G,Floors,일반석고보드(T=12.5)
1-07-G,Floors,일반석고보드(T=12.5)
1-07-G,Floors,자기질타일(T=10)
1-07-G,Floors,콘크리트(T=180)
1-07-G,Floors,콘크리트(T=180)
1-07-G,Floors,포세린타일(T=10)
1-07-G,Walls,D1-METAL C-STUD
1-07-G,Walls,D1-METAL C-STUD
1-07-G,Walls,D1-METAL C-STUD
1-07-G,Walls,D1-METAL C-STUD
1-07-G,Walls,D1-METAL C-STUD
1-07-G,Walls,D1-METAL C-STUD
1-07-G,Walls,D1-METAL C-STUD
1-07-G,Walls,D1-METAL C-STUD
1-07-G,Walls,D1-일반석고보드
1-07-G,Walls,D1-일반석고보드
1-07-G,Walls,D1-일반석고보드
1-07-G,Walls,D1-일반석고보드
1-07-G,Walls,D1-일반석고보드
1-07-G,Walls,D1-일반석고보드
1-07-G,Walls,D1-일반석고보드
1-07-G,Walls,D1-일반석고보드
1-07-G,Walls,D1-일반석고보드
1-07-G,Walls,D1-일반석고보드
1-07-G,Walls,D1-일반석고보드
1-07-G,Walls,D1-일반석고보드
1-07-G,Walls,D1-일반석고보드
1-07-G,Walls,D1-일반석고보드
1-07-G,Walls,D1-일반석고보드
1-07-G,Walls,D1-일반석고보드
1-07-G,Walls,D7-그라스울보온재24k
1-07-G,Walls,D7-일반석고보드
1-07-G,Walls,D7-일반석고보드
1-07-G,Walls,DW1-METAL C-STUD
1-07-G,Walls,DW1-METAL C-STUD
1-07-G,Walls,DW1-방수석고보드
1-07-G,Walls,DW1-방수석고보드
1-07-G,Walls,DW1-방수석고보드
1-07-G,Walls,DW1-방수석고보드
1-07-G,Walls,DW3-METAL C-STUD
1-07-G,Walls,DW3-METAL C-STUD
1-07-G,Walls,DW3-방수석고보드
1-07-G,Walls,DW3-방수석고보드
1-07-G,Walls,DW3-방수석고보드
1-07-G,Walls,DW3-방수석고보드
1-07-G,Walls,DW3-일반석고보드
1-07-G,Walls,DW3-일반석고보드
1-07-G,Walls,DW3-일반석고보드
1-07-G,Walls,DW3-일반석고보드
1-07-G,Walls,DW4-그라스울보온재24k
1-07-G,Walls,DW4-그라스울보온재24k
1-07-G,Walls,DW4-방수석고보드
1-07-G,Walls,DW4-방수석고보드
1-07-G,Walls,DW4-방수석고보드
1-07-G,Walls,DW4-방수석고보드
1-07-G,Walls,DW4-일반석고보드
1-07-G,Walls,DW4-일반석고보드
1-07-G,Walls,DW4-일반석고보드
1-07-G,Walls,DW4-일반석고보드
1-07-G,Walls,DW5-그라스울보온재24k
1-07-G,Walls,DW5-방수석고보드
1-07-G,Walls,DW5-방수석고보드
1-07-G,Walls,DW6-MDF
1-07-G,Walls,DW6-그라스울보온재24k
1-07-G,Walls,DW6-방수석고보드
1-07-G,Walls,DW6-방수석고보드
1-07-G,Walls,DW6-합판
1-07-G,Walls,경질우레탄보드(T=120)(일면은박)-경질우레탄보드
1-07-G,Walls,도막방수(T=3)-Hidden
1-07-G,Walls,도막방수(T=3)-Hidden
1-07-G,Walls,도막방수(T=3)-Hidden
1-07-G,Walls,도막방수(T=3)-Hidden
1-07-G,Walls,도막방수(T=3)-Hidden
1-07-G,Walls,도막방수(T=3)-Hidden
1-07-G,Walls,도막방수(T=3)-Hidden
1-07-G,Walls,도막방수(T=3)-Hidden
1-07-G,Walls,석재단열패널(회색)(T=35)
1-07-G,Walls,석재단열패널(회색)(T=35)
1-07-G,Walls,우레탄심재 준불연단열재(T=100)
1-07-G,Walls,우레탄심재 준불연단열재(T=100)
1-07-G,Walls,우레탄심재 준불연단열재(T=100)
1-07-G,Walls,우레탄심재 준불연단열재(T=100)
1-07-G,Walls,우레탄심재 준불연단열재(T=100)
1-07-G,Walls,우레탄심재 준불연단열재(T=70)
1-07-G,Walls,우레탄심재 준불연단열재(T=70)
1-07-G,Walls,우레탄심재 준불연단열재(T=70)
1-07-G,Walls,우레탄심재 준불연단열재(T=70)
1-07-G,Walls,우레탄심재 준불연단열재(T=70)
1-07-G,Walls,우레탄심재 준불연단열재(T=70)
1-07-G,Walls,일반석고보드(바탕용)
1-07-G,Walls,일반석고보드(바탕용)
1-07-G,Walls,칼라강판(T=15)
1-07-G,Walls,함석판(T=0.3)
1-07-G,Windows,AW1
1-07-G,Windows,AW1
1-07-G,Windows,AW5
1-08-O,Doors,AD1
1-08-O,Doors,AD2
1-08-O,Doors,PD1
1-08-O,Doors,SD2
1-08-O,Doors,SD5
1-08-O,Floors,경질우레탄보드(T=70)
1-08-O,Floors,경질우레탄보드(T=70)
1-08-O,Floors,구배몰탈(T=70)
1-08-O,Floors,도막방수(T=3)
1-08-O,Floors,시멘트몰탈(T=50)
1-08-O,Floors,시멘트몰탈(T=50)
1-08-O,Floors,시멘트몰탈(T=67)
1-08-O,Floors,자기질타일(T=10)
1-08-O,Floors,콘크리트(T=180)
1-08-O,Floors,콘크리트(T=180)
1-08-O,Floors,포세린타일(논슬립)(T=10)
1-08-O,Floors,포세린타일(논슬립)(T=10)
1-08-O,Walls,D1-METAL C-STUD
1-08-O,Walls,D1-METAL C-STUD
1-08-O,Walls,D1-METAL C-STUD
1-08-O,Walls,D1-METAL C-STUD
1-08-O,Walls,D1-METAL C-STUD
1-08-O,Walls,D1-METAL C-STUD
1-08-O,Walls,D1-METAL C-STUD
1-08-O,Walls,D1-METAL C-STUD
1-08-O,Walls,D1-METAL C-STUD
1-08-O,Walls,D1-METAL C-STUD
1-08-O,Walls,D1-METAL C-STUD
1-08-O,Walls,D1-METAL C-STUD
1-08-O,Walls,D1-METAL C-STUD
1-08-O,Walls,D1-METAL C-STUD
1-08-O,Walls,D1-METAL C-STUD
1-08-O,Walls,D1-일반석고보드
1-08-O,Walls,D1-일반석고보드
1-08-O,Walls,D1-일반석고보드
1-08-O,Walls,D1-일반석고보드
1-08-O,Walls,D1-일반석고보드
1-08-O,Walls,D1-일반석고보드
1-08-O,Walls,D1-일반석고보드
1-08-O,Walls,D1-일반석고보드
1-08-O,Walls,D1-일반석고보드
1-08-O,Walls,D1-일반석고보드
1-08-O,Walls,D1-일반석고보드
1-08-O,Walls,D1-일반석고보드
1-08-O,Walls,D1-일반석고보드
1-08-O,Walls,D1-일반석고보드
1-08-O,Walls,D1-일반석고보드
1-08-O,Walls,D1-일반석고보드
1-08-O,Walls,D1-일반석고보드
1-08-O,Walls,D1-일반석고보드
1-08-O,Walls,D1-일반석고보드
1-08-O,Walls,D1-일반석고보드
1-08-O,Walls,D1-일반석고보드
1-08-O,Walls,D1-일반석고보드
1-08-O,Walls,D1-일반석고보드
1-08-O,Walls,D1-일반석고보드
1-08-O,Walls,D1-일반석고보드
1-08-O,Walls,D1-일반석고보드
1-08-O,Walls,D1-일반석고보드
1-08-O,Walls,D1-일반석고보드
1-08-O,Walls,D1-일반석고보드
1-08-O,Walls,D1-일반석고보드
1-08-O,Walls,D2-METAL C-STUD
1-08-O,Walls,D2-방화석고보드
1-08-O,Walls,D2-방화석고보드
1-08-O,Walls,D3-METAL C-STUD
1-08-O,Walls,D3-일반석고보드
1-08-O,Walls,D3-일반석고보드
1-08-O,Walls,D3-일반석고보드
1-08-O,Walls,D3-일반석고보드
1-08-O,Walls,D4-그라스울보온재24k
1-08-O,Walls,D4-그라스울보온재24k
1-08-O,Walls,D4-그라스울보온재24k
1-08-O,Walls,D4-일반석고보드
1-08-O,Walls,D4-일반석고보드
1-08-O,Walls,D4-일반석고보드
1-08-O,Walls,D4-일반석고보드
1-08-O,Walls,D4-일반석고보드
1-08-O,Walls,D4-일반석고보드
1-08-O,Walls,D4-일반석고보드
1-08-O,Walls,D4-일반석고보드
1-08-O,Walls,D4-일반석고보드
1-08-O,Walls,D4-일반석고보드
1-08-O,Walls,D4-일반석고보드
1-08-O,Walls,D4-일반석고보드
1-08-O,Walls,DF1-METAL C-STUD
1-08-O,Walls,DF1-방화석고보드
1-08-O,Walls,DF1-방화석고보드
1-08-O,Walls,SGP패널(T=13)
1-08-O,Walls,SGP패널(T=13)
1-08-O,Walls,SGP패널(T=13)
1-08-O,Walls,SGP패널(T=13)
1-08-O,Walls,SGP패널(T=13)
1-08-O,Walls,SGP패널(T=13)
1-08-O,Walls,경질우레탄보드(T=120)(일면은박)-경질우레탄보드
1-08-O,Walls,도막방수(T=3)-Hidden
1-08-O,Walls,도막방수(T=3)-Hidden
1-08-O,Walls,도막방수(T=3)-Hidden
1-08-O,Walls,도막방수(T=3)-Hidden
1-08-O,Walls,도막방수(T=3)-Hidden
1-08-O,Walls,도막방수(T=3)-Hidden
1-08-O,Walls,석재단열패널(회색)(T=35)
1-08-O,Walls,석재단열패널(회색)(T=35)
1-08-O,Walls,우레탄심재 준불연단열재(T=100)
1-08-O,Walls,우레탄심재 준불연단열재(T=100)
1-08-O,Walls,우레탄심재 준불연단열재(T=100)
1-08-O,Walls,우레탄심재 준불연단열재(T=100)
1-08-O,Walls,우레탄심재 준불연단열재(T=100)
1-08-O,Walls,우레탄심재 준불연단열재(T=70)
1-08-O,Walls,우레탄심재 준불연단열재(T=70)
1-08-O,Walls,우레탄심재 준불연단열재(T=70)
1-08-O,Walls,우레탄심재 준불연단열재(T=70)
1-08-O,Walls,우레탄심재 준불연단열재(T=70)
1-08-O,Walls,우레탄심재 준불연단열재(T=70)
1-08-O,Walls,일반석고보드(바탕용)
1-08-O,Walls,일반석고보드(바탕용)
1-08-O,Walls,칼라강판(T=15)
1-08-O,Walls,칼라강판(T=15)
1-08-O,Walls,함석판(T=0.3)
1-08-O,Windows,AW5
1-08-O,Windows,PW2
1-08-O,Windows,PW3
1-09-A,Doors,PD1
1-09-A,Doors,SD1
1-09-A,Doors,SD2
1-09-A,Doors,SD3
1-09-A,Doors,SD5
1-09-A,Floors,강마루(T=7.5)
1-09-A,Floors,경량기포콘크리트(T=40)
1-09-A,Floors,경질우레탄보드(T=30)
1-09-A,Floors,경질우레탄보드(T=50)
1-09-A,Floors,경질우레탄보드(T=70)
1-09-A,Floors,경질우레탄보드(T=70)
1-09-A,Floors,구배몰탈(T=70)
1-09-A,Floors,도막방수(T=3)
1-09-A,Floors,시멘트몰탈(T=42.5)
1-09-A,Floors,시멘트몰탈(T=67)
1-09-A,Floors,시멘트몰탈(T=70)
1-09-A,Floors,자기질타일(T=10)
1-09-A,Floors,콘크리트(T=180)
1-09-A,Floors,콘크리트(T=180)
1-09-A,Floors,포세린타일(T=10)
1-09-A,Walls,D1-METAL C-STUD
1-09-A,Walls,D1-METAL C-STUD
1-09-A,Walls,D1-METAL C-STUD
1-09-A,Walls,D1-METAL C-STUD
1-09-A,Walls,D1-METAL C-STUD
1-09-A,Walls,D1-METAL C-STUD
1-09-A,Walls,D1-METAL C-STUD
1-09-A,Walls,D1-METAL C-STUD
1-09-A,Walls,D1-METAL C-STUD
1-09-A,Walls,D1-METAL C-STUD
1-09-A,Walls,D1-METAL C-STUD
1-09-A,Walls,D1-일반석고보드
1-09-A,Walls,D1-일반석고보드
1-09-A,Walls,D1-일반석고보드
1-09-A,Walls,D1-일반석고보드
1-09-A,Walls,D1-일반석고보드
1-09-A,Walls,D1-일반석고보드
1-09-A,Walls,D1-일반석고보드
1-09-A,Walls,D1-일반석고보드
1-09-A,Walls,D1-일반석고보드
1-09-A,Walls,D1-일반석고보드
1-09-A,Walls,D1-일반석고보드
1-09-A,Walls,D1-일반석고보드
1-09-A,Walls,D1-일반석고보드
1-09-A,Walls,D1-일반석고보드
1-09-A,Walls,D1-일반석고보드
1-09-A,Walls,D1-일반석고보드
1-09-A,Walls,D1-일반석고보드
1-09-A,Walls,D1-일반석고보드
1-09-A,Walls,D1-일반석고보드
1-09-A,Walls,D1-일반석고보드
1-09-A,Walls,D1-일반석고보드
1-09-A,Walls,D1-일반석고보드
1-09-A,Walls,D3-METAL C-STUD
1-09-A,Walls,D3-일반석고보드
1-09-A,Walls,D3-일반석고보드
1-09-A,Walls,D3-일반석고보드
1-09-A,Walls,D3-일반석고보드
1-09-A,Walls,D4-그라스울보온재24k
1-09-A,Walls,D4-그라스울보온재24k
1-09-A,Walls,D4-그라스울보온재24k
1-09-A,Walls,D4-일반석고보드
1-09-A,Walls,D4-일반석고보드
1-09-A,Walls,D4-일반석고보드
1-09-A,Walls,D4-일반석고보드
1-09-A,Walls,D4-일반석고보드
1-09-A,Walls,D4-일반석고보드
1-09-A,Walls,D4-일반석고보드
1-09-A,Walls,D4-일반석고보드
1-09-A,Walls,D4-일반석고보드
1-09-A,Walls,D4-일반석고보드
1-09-A,Walls,D4-일반석고보드
1-09-A,Walls,D4-일반석고보드
1-09-A,Walls,D8-METAL C-STUD
1-09-A,Walls,D8-일반석고보드
1-09-A,Walls,D8-합판
1-09-A,Walls,DF1-METAL C-STUD
1-09-A,Walls,DF1-방화석고보드
1-09-A,Walls,DF1-방화석고보드
1-09-A,Walls,DF2-그라스울보온재24k
1-09-A,Walls,DF2-방화석고보드
1-09-A,Walls,DF2-방화석고보드
1-09-A,Walls,HiddenWall
1-09-A,Walls,SGP패널(T=13)
1-09-A,Walls,SGP패널(T=13)
1-09-A,Walls,SGP패널(T=13)
1-09-A,Walls,SGP패널(T=13)
1-09-A,Walls,SGP패널(T=13)
1-09-A,Walls,SGP패널(T=13)
1-09-A,Walls,경질우레탄보드(T=120)(일면은박)-경질우레탄보드
1-09-A,Walls,도막방수(T=3)-Hidden
1-09-A,Walls,도막방수(T=3)-Hidden
1-09-A,Walls,도막방수(T=3)-Hidden
1-09-A,Walls,도막방수(T=3)-Hidden
1-09-A,Walls,도막방수(T=3)-Hidden
1-09-A,Walls,도막방수(T=3)-Hidden
1-09-A,Walls,석재단열패널(회색)(T=35)
1-09-A,Walls,석재단열패널(회색)(T=35)
1-09-A,Walls,우레탄심재 준불연단열재(T=100)
1-09-A,Walls,우레탄심재 준불연단열재(T=100)
1-09-A,Walls,우레탄심재 준불연단열재(T=100)
1-09-A,Walls,우레탄심재 준불연단열재(T=100)
1-09-A,Walls,우레탄심재 준불연단열재(T=70)
1-09-A,Walls,우레탄심재 준불연단열재(T=70)
1-09-A,Walls,우레탄심재 준불연단열재(T=70)
1-09-A,Walls,우레탄심재 준불연단열재(T=70)
1-09-A,Walls,우레탄심재 준불연단열재(T=70)
1-09-A,Walls,일반석고보드(바탕용)
1-09-A,Walls,일반석고보드(바탕용)
1-09-A,Walls,칼라강판(T=15)
1-09-A,Walls,칼라강판(T=15)
1-09-A,Walls,함석판(T=0.3)
1-09-A,Windows,AW5
1-09-A,Windows,PW1
1-09-A,Windows,PW2
1-10-A,Doors,PD1
1-10-A,Doors,SD1
1-10-A,Doors,SD2
1-10-A,Doors,SD3
1-10-A,Doors,SD5
1-10-A,Floors,강마루(T=7.5)
1-10-A,Floors,경량기포콘크리트(T=40)
1-10-A,Floors,경질우레탄보드(T=30)
1-10-A,Floors,경질우레탄보드(T=50)
1-10-A,Floors,경질우레탄보드(T=70)
1-10-A,Floors,경질우레탄보드(T=70)
1-10-A,Floors,구배몰탈(T=70)
1-10-A,Floors,도막방수(T=3)
1-10-A,Floors,시멘트몰탈(T=42.5)
1-10-A,Floors,시멘트몰탈(T=67)
1-10-A,Floors,시멘트몰탈(T=70)
1-10-A,Floors,자기질타일(T=10)
1-10-A,Floors,콘크리트(T=180)
1-10-A,Floors,콘크리트(T=180)
1-10-A,Floors,포세린타일(T=10)
1-10-A,Walls,D1-METAL C-STUD
1-10-A,Walls,D1-METAL C-STUD
1-10-A,Walls,D1-METAL C-STUD
1-10-A,Walls,D1-METAL C-STUD
1-10-A,Walls,D1-METAL C-STUD
1-10-A,Walls,D1-METAL C-STUD
1-10-A,Walls,D1-METAL C-STUD
1-10-A,Walls,D1-METAL C-STUD
1-10-A,Walls,D1-METAL C-STUD
1-10-A,Walls,D1-METAL C-STUD
1-10-A,Walls,D1-METAL C-STUD
1-10-A,Walls,D1-일반석고보드
1-10-A,Walls,D1-일반석고보드
1-10-A,Walls,D1-일반석고보드
1-10-A,Walls,D1-일반석고보드
1-10-A,Walls,D1-일반석고보드
1-10-A,Walls,D1-일반석고보드
1-10-A,Walls,D1-일반석고보드
1-10-A,Walls,D1-일반석고보드
1-10-A,Walls,D1-일반석고보드
1-10-A,Walls,D1-일반석고보드
1-10-A,Walls,D1-일반석고보드
1-10-A,Walls,D1-일반석고보드
1-10-A,Walls,D1-일반석고보드
1-10-A,Walls,D1-일반석고보드
1-10-A,Walls,D1-일반석고보드
1-10-A,Walls,D1-일반석고보드
1-10-A,Walls,D1-일반석고보드
1-10-A,Walls,D1-일반석고보드
1-10-A,Walls,D1-일반석고보드
1-10-A,Walls,D1-일반석고보드
1-10-A,Walls,D1-일반석고보드
1-10-A,Walls,D1-일반석고보드
1-10-A,Walls,D3-METAL C-STUD
1-10-A,Walls,D3-일반석고보드
1-10-A,Walls,D3-일반석고보드
1-10-A,Walls,D3-일반석고보드
1-10-A,Walls,D3-일반석고보드
1-10-A,Walls,D4-그라스울보온재24k
1-10-A,Walls,D4-그라스울보온재24k
1-10-A,Walls,D4-그라스울보온재24k
1-10-A,Walls,D4-일반석고보드
1-10-A,Walls,D4-일반석고보드
1-10-A,Walls,D4-일반석고보드
1-10-A,Walls,D4-일반석고보드
1-10-A,Walls,D4-일반석고보드
1-10-A,Walls,D4-일반석고보드
1-10-A,Walls,D4-일반석고보드
1-10-A,Walls,D4-일반석고보드
1-10-A,Walls,D4-일반석고보드
1-10-A,Walls,D4-일반석고보드
1-10-A,Walls,D4-일반석고보드
1-10-A,Walls,D4-일반석고보드
1-10-A,Walls,D8-METAL C-STUD
1-10-A,Walls,D8-일반석고보드
1-10-A,Walls,D8-합판
1-10-A,Walls,DF1-METAL C-STUD
1-10-A,Walls,DF1-방화석고보드
1-10-A,Walls,DF1-방화석고보드
1-10-A,Walls,DF2-그라스울보온재24k
1-10-A,Walls,DF2-방화석고보드
1-10-A,Walls,DF2-방화석고보드
1-10-A,Walls,HiddenWall
1-10-A,Walls,SGP패널(T=13)
1-10-A,Walls,SGP패널(T=13)
1-10-A,Walls,SGP패널(T=13)
1-10-A,Walls,SGP패널(T=13)
1-10-A,Walls,SGP패널(T=13)
1-10-A,Walls,SGP패널(T=13)
1-10-A,Walls,경질우레탄보드(T=120)(일면은박)-경질우레탄보드
1-10-A,Walls,도막방수(T=3)-Hidden
1-10-A,Walls,도막방수(T=3)-Hidden
1-10-A,Walls,도막방수(T=3)-Hidden
1-10-A,Walls,도막방수(T=3)-Hidden
1-10-A,Walls,도막방수(T=3)-Hidden
1-10-A,Walls,도막방수(T=3)-Hidden
1-10-A,Walls,석재단열패널(회색)(T=35)
1-10-A,Walls,석재단열패널(회색)(T=35)
1-10-A,Walls,우레탄심재 준불연단열재(T=100)
1-10-A,Walls,우레탄심재 준불연단열재(T=100)
1-10-A,Walls,우레탄심재 준불연단열재(T=100)
1-10-A,Walls,우레탄심재 준불연단열재(T=100)
1-10-A,Walls,우레탄심재 준불연단열재(T=70)
1-10-A,Walls,우레탄심재 준불연단열재(T=70)
1-10-A,Walls,우레탄심재 준불연단열재(T=70)
1-10-A,Walls,우레탄심재 준불연단열재(T=70)
1-10-A,Walls,우레탄심재 준불연단열재(T=70)
1-10-A,Walls,일반석고보드(바탕용)
1-10-A,Walls,일반석고보드(바탕용)
1-10-A,Walls,칼라강판(T=15)
1-10-A,Walls,칼라강판(T=15)
1-10-A,Walls,함석판(T=0.3)
1-10-A,Windows,AW5
1-10-A,Windows,PW1
1-10-A,Windows,PW2
1-11-A,Doors,PD1
1-11-A,Doors,SD1
1-11-A,Doors,SD2
1-11-A,Doors,SD3
1-11-A,Doors,SD5
1-11-A,Floors,강마루(T=7.5)
1-11-A,Floors,경량기포콘크리트(T=40)
1-11-A,Floors,경질우레탄보드(T=30)
1-11-A,Floors,경질우레탄보드(T=50)
1-11-A,Floors,경질우레탄보드(T=70)
1-11-A,Floors,경질우레탄보드(T=70)
1-11-A,Floors,구배몰탈(T=70)
1-11-A,Floors,도막방수(T=3)
1-11-A,Floors,시멘트몰탈(T=42.5)
1-11-A,Floors,시멘트몰탈(T=67)
1-11-A,Floors,시멘트몰탈(T=70)
1-11-A,Floors,자기질타일(T=10)
1-11-A,Floors,콘크리트(T=180)
1-11-A,Floors,콘크리트(T=180)
1-11-A,Floors,포세린타일(T=10)
1-11-A,Walls,D1-METAL C-STUD
1-11-A,Walls,D1-METAL C-STUD
1-11-A,Walls,D1-METAL C-STUD
1-11-A,Walls,D1-METAL C-STUD
1-11-A,Walls,D1-METAL C-STUD
1-11-A,Walls,D1-METAL C-STUD
1-11-A,Walls,D1-METAL C-STUD
1-11-A,Walls,D1-METAL C-STUD
1-11-A,Walls,D1-METAL C-STUD
1-11-A,Walls,D1-METAL C-STUD
1-11-A,Walls,D1-METAL C-STUD
1-11-A,Walls,D1-METAL C-STUD
1-11-A,Walls,D1-METAL C-STUD
1-11-A,Walls,D1-일반석고보드
1-11-A,Walls,D1-일반석고보드
1-11-A,Walls,D1-일반석고보드
1-11-A,Walls,D1-일반석고보드
1-11-A,Walls,D1-일반석고보드
1-11-A,Walls,D1-일반석고보드
1-11-A,Walls,D1-일반석고보드
1-11-A,Walls,D1-일반석고보드
1-11-A,Walls,D1-일반석고보드
1-11-A,Walls,D1-일반석고보드
1-11-A,Walls,D1-일반석고보드
1-11-A,Walls,D1-일반석고보드
1-11-A,Walls,D1-일반석고보드
1-11-A,Walls,D1-일반석고보드
1-11-A,Walls,D1-일반석고보드
1-11-A,Walls,D1-일반석고보드
1-11-A,Walls,D1-일반석고보드
1-11-A,Walls,D1-일반석고보드
1-11-A,Walls,D1-일반석고보드
1-11-A,Walls,D1-일반석고보드
1-11-A,Walls,D1-일반석고보드
1-11-A,Walls,D1-일반석고보드
1-11-A,Walls,D1-일반석고보드
1-11-A,Walls,D1-일반석고보드
1-11-A,Walls,D1-일반석고보드
1-11-A,Walls,D1-일반석고보드
1-11-A,Walls,D1-일반석고보드
1-11-A,Walls,D1-일반석고보드
1-11-A,Walls,D1-일반석고보드
1-11-A,Walls,D1-일반석고보드
1-11-A,Walls,D3-METAL C-STUD
1-11-A,Walls,D3-일반석고보드
1-11-A,Walls,D3-일반석고보드
1-11-A,Walls,D3-일반석고보드
1-11-A,Walls,D3-일반석고보드
1-11-A,Walls,D4-그라스울보온재24k
1-11-A,Walls,D4-그라스울보온재24k
1-11-A,Walls,D4-그라스울보온재24k
1-11-A,Walls,D4-일반석고보드
1-11-A,Walls,D4-일반석고보드
1-11-A,Walls,D4-일반석고보드
1-11-A,Walls,D4-일반석고보드
1-11-A,Walls,D4-일반석고보드
1-11-A,Walls,D4-일반석고보드
1-11-A,Walls,D4-일반석고보드
1-11-A,Walls,D4-일반석고보드
1-11-A,Walls,D4-일반석고보드
1-11-A,Walls,D4-일반석고보드
1-11-A,Walls,D4-일반석고보드
1-11-A,Walls,D4-일반석고보드
1-11-A,Walls,D8-METAL C-STUD
1-11-A,Walls,D8-일반석고보드
1-11-A,Walls,D8-합판
1-11-A,Walls,DF1-METAL C-STUD
1-11-A,Walls,DF1-방화석고보드
1-11-A,Walls,DF1-방화석고보드
1-11-A,Walls,DF2-그라스울보온재24k
1-11-A,Walls,DF2-방화석고보드
1-11-A,Walls,DF2-방화석고보드
1-11-A,Walls,HiddenWall
1-11-A,Walls,SGP패널(T=13)
1-11-A,Walls,SGP패널(T=13)
1-11-A,Walls,SGP패널(T=13)
1-11-A,Walls,SGP패널(T=13)
1-11-A,Walls,SGP패널(T=13)
1-11-A,Walls,SGP패널(T=13)
1-11-A,Walls,경질우레탄보드(T=120)(일면은박)-경질우레탄보드
1-11-A,Walls,경질우레탄보드(T=120)(일면은박)-경질우레탄보드
1-11-A,Walls,도막방수(T=3)-Hidden
1-11-A,Walls,도막방수(T=3)-Hidden
1-11-A,Walls,도막방수(T=3)-Hidden
1-11-A,Walls,도막방수(T=3)-Hidden
1-11-A,Walls,도막방수(T=3)-Hidden
1-11-A,Walls,도막방수(T=3)-Hidden
1-11-A,Walls,석재단열패널(연한회색)(T=35)
1-11-A,Walls,석재단열패널(연한회색)(T=35)
1-11-A,Walls,석재단열패널(회색)(T=35)
1-11-A,Walls,석재단열패널(회색)(T=35)
1-11-A,Walls,석재단열패널(회색)(T=35)
1-11-A,Walls,우레탄심재 준불연단열재(T=100)
1-11-A,Walls,우레탄심재 준불연단열재(T=100)
1-11-A,Walls,우레탄심재 준불연단열재(T=100)
1-11-A,Walls,우레탄심재 준불연단열재(T=100)
1-11-A,Walls,우레탄심재 준불연단열재(T=70)
1-11-A,Walls,우레탄심재 준불연단열재(T=70)
1-11-A,Walls,우레탄심재 준불연단열재(T=70)
1-11-A,Walls,우레탄심재 준불연단열재(T=70)
1-11-A,Walls,우레탄심재 준불연단열재(T=70)
1-11-A,Walls,일반석고보드(바탕용)
1-11-A,Walls,칼라강판(T=15)
1-11-A,Walls,칼라강판(T=15)
1-11-A,Walls,칼라강판(T=20)
1-11-A,Walls,칼라강판(T=20)
1-11-A,Walls,칼라강판(T=20)
1-11-A,Walls,칼라강판(T=20)
1-11-A,Walls,칼라강판(T=20)
1-11-A,Walls,칼라강판(T=20)
1-11-A,Walls,칼라강판(T=20)
1-11-A,Walls,칼라강판(T=20)
1-11-A,Walls,함석판(T=0.3)
1-11-A,Windows,AW5
1-11-A,Windows,PW1
1-11-A,Windows,PW2
2-01-A,Doors,PD1
2-01-A,Doors,SD1
2-01-A,Doors,SD2
2-01-A,Doors,SD3
2-01-A,Doors,SD5
2-01-A,Floors,강마루(T=7.5)
2-01-A,Floors,경량기포콘크리트(T=40)
2-01-A,Floors,경질우레탄보드(T=120)
2-01-A,Floors,경질우레탄보드(T=30)
2-01-A,Floors,경질우레탄보드(T=50)
2-01-A,Floors,경질우레탄보드(T=70)
2-01-A,Floors,경질우레탄보드(T=70)
2-01-A,Floors,구배몰탈(T=70)
2-01-A,Floors,도막방수(T=3)
2-01-A,Floors,시멘트몰탈(T=42.5)
2-01-A,Floors,시멘트몰탈(T=67)
2-01-A,Floors,시멘트몰탈(T=70)
2-01-A,Floors,자기질타일(T=10)
2-01-A,Floors,칼라강판
2-01-A,Floors,콘크리트(T=180)
2-01-A,Floors,콘크리트(T=180)
2-01-A,Floors,포세린타일(T=10)
2-01-A,Walls,D1-METAL C-STUD
2-01-A,Walls,D1-METAL C-STUD
2-01-A,Walls,D1-METAL C-STUD
2-01-A,Walls,D1-METAL C-STUD
2-01-A,Walls,D1-METAL C-STUD
2-01-A,Walls,D1-METAL C-STUD
2-01-A,Walls,D1-METAL C-STUD
2-01-A,Walls,D1-METAL C-STUD
2-01-A,Walls,D1-METAL C-STUD
2-01-A,Walls,D1-METAL C-STUD
2-01-A,Walls,D1-METAL C-STUD
2-01-A,Walls,D1-METAL C-STUD
2-01-A,Walls,D1-METAL C-STUD
2-01-A,Walls,D1-METAL C-STUD
2-01-A,Walls,D1-일반석고보드
2-01-A,Walls,D1-일반석고보드
2-01-A,Walls,D1-일반석고보드
2-01-A,Walls,D1-일반석고보드
2-01-A,Walls,D1-일반석고보드
2-01-A,Walls,D1-일반석고보드
2-01-A,Walls,D1-일반석고보드
2-01-A,Walls,D1-일반석고보드
2-01-A,Walls,D1-일반석고보드
2-01-A,Walls,D1-일반석고보드
2-01-A,Walls,D1-일반석고보드
2-01-A,Walls,D1-일반석고보드
2-01-A,Walls,D1-일반석고보드
2-01-A,Walls,D1-일반석고보드
2-01-A,Walls,D1-일반석고보드
2-01-A,Walls,D1-일반석고보드
2-01-A,Walls,D1-일반석고보드
2-01-A,Walls,D1-일반석고보드
2-01-A,Walls,D1-일반석고보드
2-01-A,Walls,D1-일반석고보드
2-01-A,Walls,D1-일반석고보드
2-01-A,Walls,D1-일반석고보드
2-01-A,Walls,D1-일반석고보드
2-01-A,Walls,D1-일반석고보드
2-01-A,Walls,D1-일반석고보드
2-01-A,Walls,D1-일반석고보드
2-01-A,Walls,D1-일반석고보드
2-01-A,Walls,D1-일반석고보드
2-01-A,Walls,D1-일반석고보드
2-01-A,Walls,D1-일반석고보드
2-01-A,Walls,D3-METAL C-STUD
2-01-A,Walls,D3-일반석고보드
2-01-A,Walls,D3-일반석고보드
2-01-A,Walls,D3-일반석고보드
2-01-A,Walls,D3-일반석고보드
2-01-A,Walls,D4-그라스울보온재24k
2-01-A,Walls,D4-그라스울보온재24k
2-01-A,Walls,D4-그라스울보온재24k
2-01-A,Walls,D4-일반석고보드
2-01-A,Walls,D4-일반석고보드
2-01-A,Walls,D4-일반석고보드
2-01-A,Walls,D4-일반석고보드
2-01-A,Walls,D4-일반석고보드
2-01-A,Walls,D4-일반석고보드
2-01-A,Walls,D4-일반석고보드
2-01-A,Walls,D4-일반석고보드
2-01-A,Walls,D4-일반석고보드
2-01-A,Walls,D4-일반석고보드
2-01-A,Walls,D4-일반석고보드
2-01-A,Walls,D4-일반석고보드
2-01-A,Walls,D8-METAL C-STUD
2-01-A,Walls,D8-일반석고보드
2-01-A,Walls,D8-합판
2-01-A,Walls,DF1-METAL C-STUD
2-01-A,Walls,DF1-METAL C-STUD
2-01-A,Walls,DF1-방화석고보드
2-01-A,Walls,DF1-방화석고보드
2-01-A,Walls,DF1-방화석고보드
2-01-A,Walls,DF1-방화석고보드
2-01-A,Walls,HiddenWall
2-01-A,Walls,SGP패널(T=13)
2-01-A,Walls,SGP패널(T=13)
2-01-A,Walls,SGP패널(T=13)
2-01-A,Walls,SGP패널(T=13)
2-01-A,Walls,SGP패널(T=13)
2-01-A,Walls,SGP패널(T=13)
2-01-A,Walls,경질우레탄보드(T=120)(일면은박)-경질우레탄보드
2-01-A,Walls,경질우레탄보드(T=120)(일면은박)-경질우레탄보드
2-01-A,Walls,단연흡음뿜칠(T=10)
2-01-A,Walls,도막방수(T=3)-Hidden
2-01-A,Walls,도막방수(T=3)-Hidden
2-01-A,Walls,도막방수(T=3)-Hidden
2-01-A,Walls,도막방수(T=3)-Hidden
2-01-A,Walls,도막방수(T=3)-Hidden
2-01-A,Walls,도막방수(T=3)-Hidden
2-01-A,Walls,석재단열패널(연한회색)(T=35)
2-01-A,Walls,석재단열패널(연한회색)(T=35)
2-01-A,Walls,석재단열패널(연한회색)(T=35)
2-01-A,Walls,석재단열패널(연한회색)(T=35)
2-01-A,Walls,석재단열패널(회색)(T=35)
2-01-A,Walls,석재단열패널(회색)(T=35)
2-01-A,Walls,석재단열패널(회색)(T=35)
2-01-A,Walls,우레탄심재 준불연단열재(T=100)
2-01-A,Walls,우레탄심재 준불연단열재(T=100)
2-01-A,Walls,우레탄심재 준불연단열재(T=100)
2-01-A,Walls,우레탄심재 준불연단열재(T=100)
2-01-A,Walls,우레탄심재 준불연단열재(T=70)
2-01-A,Walls,우레탄심재 준불연단열재(T=70)
2-01-A,Walls,우레탄심재 준불연단열재(T=70)
2-01-A,Walls,우레탄심재 준불연단열재(T=70)
2-01-A,Walls,우레탄심재 준불연단열재(T=70)
2-01-A,Walls,우레탄심재 준불연단열재(T=70)
2-01-A,Walls,우레탄심재 준불연단열재(T=70)
2-01-A,Walls,우레탄심재 준불연단열재(T=70)
2-01-A,Walls,일반석고보드(바탕용)
2-01-A,Walls,칼라강판(T=15)
2-01-A,Walls,칼라강판(T=15)
2-01-A,Walls,칼라강판(T=20)
2-01-A,Walls,칼라강판(T=20)
2-01-A,Walls,칼라강판(T=20)
2-01-A,Walls,칼라강판(T=20)
2-01-A,Walls,칼라강판(T=20)
2-01-A,Walls,칼라강판(T=20)
2-01-A,Walls,칼라강판(T=20)
2-01-A,Walls,칼라강판(T=20)
2-01-A,Walls,함석판(T=0.3)
2-01-A,Windows,AW5
2-01-A,Windows,PW1
2-01-A,Windows,PW2
2-02-A,Doors,PD1
2-02-A,Doors,SD1
2-02-A,Doors,SD2
2-02-A,Doors,SD3
2-02-A,Doors,SD5
2-02-A,Floors,강마루(T=7.5)
2-02-A,Floors,경량기포콘크리트(T=40)
2-02-A,Floors,경질우레탄보드(T=70)
2-02-A,Floors,구배몰탈(T=70)
2-02-A,Floors,도막방수(T=3)
2-02-A,Floors,비드법보온판(2종1호)(T=50)
2-02-A,Floors,시멘트몰탈(T=42.5)
2-02-A,Floors,시멘트몰탈(T=67)
2-02-A,Floors,시멘트몰탈(T=70)
2-02-A,Floors,자기질타일(T=10)
2-02-A,Floors,콘크리트(T=180)
2-02-A,Floors,콘크리트(T=180)
2-02-A,Floors,포세린타일(T=10)
2-02-A,Walls,D1-METAL C-STUD
2-02-A,Walls,D1-METAL C-STUD
2-02-A,Walls,D1-METAL C-STUD
2-02-A,Walls,D1-METAL C-STUD
2-02-A,Walls,D1-METAL C-STUD
2-02-A,Walls,D1-METAL C-STUD
2-02-A,Walls,D1-METAL C-STUD
2-02-A,Walls,D1-METAL C-STUD
2-02-A,Walls,D1-METAL C-STUD
2-02-A,Walls,D1-METAL C-STUD
2-02-A,Walls,D1-METAL C-STUD
2-02-A,Walls,D1-일반석고보드
2-02-A,Walls,D1-일반석고보드
2-02-A,Walls,D1-일반석고보드
2-02-A,Walls,D1-일반석고보드
2-02-A,Walls,D1-일반석고보드
2-02-A,Walls,D1-일반석고보드
2-02-A,Walls,D1-일반석고보드
2-02-A,Walls,D1-일반석고보드
2-02-A,Walls,D1-일반석고보드
2-02-A,Walls,D1-일반석고보드
2-02-A,Walls,D1-일반석고보드
2-02-A,Walls,D1-일반석고보드
2-02-A,Walls,D1-일반석고보드
2-02-A,Walls,D1-일반석고보드
2-02-A,Walls,D1-일반석고보드
2-02-A,Walls,D1-일반석고보드
2-02-A,Walls,D1-일반석고보드
2-02-A,Walls,D1-일반석고보드
2-02-A,Walls,D1-일반석고보드
2-02-A,Walls,D1-일반석고보드
2-02-A,Walls,D1-일반석고보드
2-02-A,Walls,D1-일반석고보드
2-02-A,Walls,D3-METAL C-STUD
2-02-A,Walls,D3-일반석고보드
2-02-A,Walls,D3-일반석고보드
2-02-A,Walls,D3-일반석고보드
2-02-A,Walls,D3-일반석고보드
2-02-A,Walls,D4-그라스울보온재24k
2-02-A,Walls,D4-그라스울보온재24k
2-02-A,Walls,D4-그라스울보온재24k
2-02-A,Walls,D4-일반석고보드
2-02-A,Walls,D4-일반석고보드
2-02-A,Walls,D4-일반석고보드
2-02-A,Walls,D4-일반석고보드
2-02-A,Walls,D4-일반석고보드
2-02-A,Walls,D4-일반석고보드
2-02-A,Walls,D4-일반석고보드
2-02-A,Walls,D4-일반석고보드
2-02-A,Walls,D4-일반석고보드
2-02-A,Walls,D4-일반석고보드
2-02-A,Walls,D4-일반석고보드
2-02-A,Walls,D4-일반석고보드
2-02-A,Walls,D8-METAL C-STUD
2-02-A,Walls,D8-일반석고보드
2-02-A,Walls,D8-합판
2-02-A,Walls,DF1-METAL C-STUD
2-02-A,Walls,DF1-방화석고보드
2-02-A,Walls,DF1-방화석고보드
2-02-A,Walls,DF2-그라스울보온재24k
2-02-A,Walls,DF2-방화석고보드
2-02-A,Walls,DF2-방화석고보드
2-02-A,Walls,HiddenWall
2-02-A,Walls,SGP패널(T=13)
2-02-A,Walls,SGP패널(T=13)
2-02-A,Walls,SGP패널(T=13)
2-02-A,Walls,SGP패널(T=13)
2-02-A,Walls,SGP패널(T=13)
2-02-A,Walls,SGP패널(T=13)
2-02-A,Walls,경질우레탄보드(T=120)(일면은박)-경질우레탄보드
2-02-A,Walls,도막방수(T=3)-Hidden
2-02-A,Walls,도막방수(T=3)-Hidden
2-02-A,Walls,도막방수(T=3)-Hidden
2-02-A,Walls,도막방수(T=3)-Hidden
2-02-A,Walls,도막방수(T=3)-Hidden
2-02-A,Walls,도막방수(T=3)-Hidden
2-02-A,Walls,석재단열패널(연한회색)(T=35)
2-02-A,Walls,석재단열패널(회색)(T=35)
2-02-A,Walls,석재단열패널(회색)(T=35)
2-02-A,Walls,우레탄심재 준불연단열재(T=100)
2-02-A,Walls,우레탄심재 준불연단열재(T=100)
2-02-A,Walls,우레탄심재 준불연단열재(T=100)
2-02-A,Walls,우레탄심재 준불연단열재(T=100)
2-02-A,Walls,우레탄심재 준불연단열재(T=70)
2-02-A,Walls,우레탄심재 준불연단열재(T=70)
2-02-A,Walls,우레탄심재 준불연단열재(T=70)
2-02-A,Walls,우레탄심재 준불연단열재(T=70)
2-02-A,Walls,우레탄심재 준불연단열재(T=70)
2-02-A,Walls,우레탄심재 준불연단열재(T=70)
2-02-A,Walls,우레탄심재 준불연단열재(T=70)
2-02-A,Walls,우레탄심재 준불연단열재(T=70)
2-02-A,Walls,우레탄심재 준불연단열재(T=70)
2-02-A,Walls,일반석고보드(바탕용)
2-02-A,Walls,일반석고보드(바탕용)
2-02-A,Walls,칼라강판(T=15)
2-02-A,Walls,칼라강판(T=15)
2-02-A,Walls,함석판(T=0.3)
2-02-A,Windows,AW5
2-02-A,Windows,PW1
2-02-A,Windows,PW2
2-03-A,Doors,PD1
2-03-A,Doors,SD1
2-03-A,Doors,SD2
2-03-A,Doors,SD3
2-03-A,Doors,SD5
2-03-A,Floors,강마루(T=7.5)
2-03-A,Floors,경량기포콘크리트(T=40)
2-03-A,Floors,경질우레탄보드(T=70)
2-03-A,Floors,구배몰탈(T=70)
2-03-A,Floors,도막방수(T=3)
2-03-A,Floors,비드법보온판(2종1호)(T=50)
2-03-A,Floors,시멘트몰탈(T=42.5)
2-03-A,Floors,시멘트몰탈(T=67)
2-03-A,Floors,시멘트몰탈(T=70)
2-03-A,Floors,자기질타일(T=10)
2-03-A,Floors,콘크리트(T=180)
2-03-A,Floors,콘크리트(T=180)
2-03-A,Floors,포세린타일(T=10)
2-03-A,Walls,D1-METAL C-STUD
2-03-A,Walls,D1-METAL C-STUD
2-03-A,Walls,D1-METAL C-STUD
2-03-A,Walls,D1-METAL C-STUD
2-03-A,Walls,D1-METAL C-STUD
2-03-A,Walls,D1-METAL C-STUD
2-03-A,Walls,D1-METAL C-STUD
2-03-A,Walls,D1-METAL C-STUD
2-03-A,Walls,D1-METAL C-STUD
2-03-A,Walls,D1-METAL C-STUD
2-03-A,Walls,D1-METAL C-STUD
2-03-A,Walls,D1-일반석고보드
2-03-A,Walls,D1-일반석고보드
2-03-A,Walls,D1-일반석고보드
2-03-A,Walls,D1-일반석고보드
2-03-A,Walls,D1-일반석고보드
2-03-A,Walls,D1-일반석고보드
2-03-A,Walls,D1-일반석고보드
2-03-A,Walls,D1-일반석고보드
2-03-A,Walls,D1-일반석고보드
2-03-A,Walls,D1-일반석고보드
2-03-A,Walls,D1-일반석고보드
2-03-A,Walls,D1-일반석고보드
2-03-A,Walls,D1-일반석고보드
2-03-A,Walls,D1-일반석고보드
2-03-A,Walls,D1-일반석고보드
2-03-A,Walls,D1-일반석고보드
2-03-A,Walls,D1-일반석고보드
2-03-A,Walls,D1-일반석고보드
2-03-A,Walls,D1-일반석고보드
2-03-A,Walls,D1-일반석고보드
2-03-A,Walls,D1-일반석고보드
2-03-A,Walls,D1-일반석고보드
2-03-A,Walls,D3-METAL C-STUD
2-03-A,Walls,D3-일반석고보드
2-03-A,Walls,D3-일반석고보드
2-03-A,Walls,D3-일반석고보드
2-03-A,Walls,D3-일반석고보드
2-03-A,Walls,D4-그라스울보온재24k
2-03-A,Walls,D4-그라스울보온재24k
2-03-A,Walls,D4-그라스울보온재24k
2-03-A,Walls,D4-일반석고보드
2-03-A,Walls,D4-일반석고보드
2-03-A,Walls,D4-일반석고보드
2-03-A,Walls,D4-일반석고보드
2-03-A,Walls,D4-일반석고보드
2-03-A,Walls,D4-일반석고보드
2-03-A,Walls,D4-일반석고보드
2-03-A,Walls,D4-일반석고보드
2-03-A,Walls,D4-일반석고보드
2-03-A,Walls,D4-일반석고보드
2-03-A,Walls,D4-일반석고보드
2-03-A,Walls,D4-일반석고보드
2-03-A,Walls,D8-METAL C-STUD
2-03-A,Walls,D8-일반석고보드
2-03-A,Walls,D8-합판
2-03-A,Walls,DF1-METAL C-STUD
2-03-A,Walls,DF1-방화석고보드
2-03-A,Walls,DF1-방화석고보드
2-03-A,Walls,DF2-그라스울보온재24k
2-03-A,Walls,DF2-방화석고보드
2-03-A,Walls,DF2-방화석고보드
2-03-A,Walls,HiddenWall
2-03-A,Walls,SGP패널(T=13)
2-03-A,Walls,SGP패널(T=13)
2-03-A,Walls,SGP패널(T=13)
2-03-A,Walls,SGP패널(T=13)
2-03-A,Walls,SGP패널(T=13)
2-03-A,Walls,SGP패널(T=13)
2-03-A,Walls,경질우레탄보드(T=120)(일면은박)-경질우레탄보드
2-03-A,Walls,도막방수(T=3)-Hidden
2-03-A,Walls,도막방수(T=3)-Hidden
2-03-A,Walls,도막방수(T=3)-Hidden
2-03-A,Walls,도막방수(T=3)-Hidden
2-03-A,Walls,도막방수(T=3)-Hidden
2-03-A,Walls,도막방수(T=3)-Hidden
2-03-A,Walls,석재단열패널(연한회색)(T=35)
2-03-A,Walls,석재단열패널(회색)(T=35)
2-03-A,Walls,석재단열패널(회색)(T=35)
2-03-A,Walls,우레탄심재 준불연단열재(T=100)
2-03-A,Walls,우레탄심재 준불연단열재(T=100)
2-03-A,Walls,우레탄심재 준불연단열재(T=100)
2-03-A,Walls,우레탄심재 준불연단열재(T=100)
2-03-A,Walls,우레탄심재 준불연단열재(T=70)
2-03-A,Walls,우레탄심재 준불연단열재(T=70)
2-03-A,Walls,우레탄심재 준불연단열재(T=70)
2-03-A,Walls,우레탄심재 준불연단열재(T=70)
2-03-A,Walls,우레탄심재 준불연단열재(T=70)
2-03-A,Walls,우레탄심재 준불연단열재(T=70)
2-03-A,Walls,우레탄심재 준불연단열재(T=70)
2-03-A,Walls,우레탄심재 준불연단열재(T=70)
2-03-A,Walls,우레탄심재 준불연단열재(T=70)
2-03-A,Walls,일반석고보드(바탕용)
2-03-A,Walls,일반석고보드(바탕용)
2-03-A,Walls,칼라강판(T=15)
2-03-A,Walls,칼라강판(T=15)
2-03-A,Walls,함석판(T=0.3)
2-03-A,Windows,AW5
2-03-A,Windows,PW1
2-03-A,Windows,PW2
2-04-A,Doors,PD1
2-04-A,Doors,SD1
2-04-A,Doors,SD2
2-04-A,Doors,SD3
2-04-A,Doors,SD5
2-04-A,Floors,강마루(T=7.5)
2-04-A,Floors,경량기포콘크리트(T=40)
2-04-A,Floors,경질우레탄보드(T=70)
2-04-A,Floors,구배몰탈(T=70)
2-04-A,Floors,도막방수(T=3)
2-04-A,Floors,비드법보온판(2종1호)(T=50)
2-04-A,Floors,시멘트몰탈(T=42.5)
2-04-A,Floors,시멘트몰탈(T=67)
2-04-A,Floors,시멘트몰탈(T=70)
2-04-A,Floors,자기질타일(T=10)
2-04-A,Floors,콘크리트(T=180)
2-04-A,Floors,콘크리트(T=180)
2-04-A,Floors,포세린타일(T=10)
2-04-A,Walls,D1-METAL C-STUD
2-04-A,Walls,D1-METAL C-STUD
2-04-A,Walls,D1-METAL C-STUD
2-04-A,Walls,D1-METAL C-STUD
2-04-A,Walls,D1-METAL C-STUD
2-04-A,Walls,D1-METAL C-STUD
2-04-A,Walls,D1-METAL C-STUD
2-04-A,Walls,D1-METAL C-STUD
2-04-A,Walls,D1-METAL C-STUD
2-04-A,Walls,D1-METAL C-STUD
2-04-A,Walls,D1-METAL C-STUD
2-04-A,Walls,D1-일반석고보드
2-04-A,Walls,D1-일반석고보드
2-04-A,Walls,D1-일반석고보드
2-04-A,Walls,D1-일반석고보드
2-04-A,Walls,D1-일반석고보드
2-04-A,Walls,D1-일반석고보드
2-04-A,Walls,D1-일반석고보드
2-04-A,Walls,D1-일반석고보드
2-04-A,Walls,D1-일반석고보드
2-04-A,Walls,D1-일반석고보드
2-04-A,Walls,D1-일반석고보드
2-04-A,Walls,D1-일반석고보드
2-04-A,Walls,D1-일반석고보드
2-04-A,Walls,D1-일반석고보드
2-04-A,Walls,D1-일반석고보드
2-04-A,Walls,D1-일반석고보드
2-04-A,Walls,D1-일반석고보드
2-04-A,Walls,D1-일반석고보드
2-04-A,Walls,D1-일반석고보드
2-04-A,Walls,D1-일반석고보드
2-04-A,Walls,D1-일반석고보드
2-04-A,Walls,D1-일반석고보드
2-04-A,Walls,D3-METAL C-STUD
2-04-A,Walls,D3-일반석고보드
2-04-A,Walls,D3-일반석고보드
2-04-A,Walls,D3-일반석고보드
2-04-A,Walls,D3-일반석고보드
2-04-A,Walls,D4-그라스울보온재24k
2-04-A,Walls,D4-그라스울보온재24k
2-04-A,Walls,D4-그라스울보온재24k
2-04-A,Walls,D4-일반석고보드
2-04-A,Walls,D4-일반석고보드
2-04-A,Walls,D4-일반석고보드
2-04-A,Walls,D4-일반석고보드
2-04-A,Walls,D4-일반석고보드
2-04-A,Walls,D4-일반석고보드
2-04-A,Walls,D4-일반석고보드
2-04-A,Walls,D4-일반석고보드
2-04-A,Walls,D4-일반석고보드
2-04-A,Walls,D4-일반석고보드
2-04-A,Walls,D4-일반석고보드
2-04-A,Walls,D4-일반석고보드
2-04-A,Walls,D8-METAL C-STUD
2-04-A,Walls,D8-일반석고보드
2-04-A,Walls,D8-합판
2-04-A,Walls,DF2-그라스울보온재24k
2-04-A,Walls,DF2-그라스울보온재24k
2-04-A,Walls,DF2-방화석고보드
2-04-A,Walls,DF2-방화석고보드
2-04-A,Walls,DF2-방화석고보드
2-04-A,Walls,DF2-방화석고보드
2-04-A,Walls,HiddenWall
2-04-A,Walls,SGP패널(T=13)
2-04-A,Walls,SGP패널(T=13)
2-04-A,Walls,SGP패널(T=13)
2-04-A,Walls,SGP패널(T=13)
2-04-A,Walls,SGP패널(T=13)
2-04-A,Walls,SGP패널(T=13)
2-04-A,Walls,경질우레탄보드(T=120)(일면은박)-경질우레탄보드
2-04-A,Walls,도막방수(T=3)-Hidden
2-04-A,Walls,도막방수(T=3)-Hidden
2-04-A,Walls,도막방수(T=3)-Hidden
2-04-A,Walls,도막방수(T=3)-Hidden
2-04-A,Walls,도막방수(T=3)-Hidden
2-04-A,Walls,도막방수(T=3)-Hidden
2-04-A,Walls,석재단열패널(연한회색)(T=35)
2-04-A,Walls,석재단열패널(회색)(T=35)
2-04-A,Walls,석재단열패널(회색)(T=35)
2-04-A,Walls,우레탄심재 준불연단열재(T=100)
2-04-A,Walls,우레탄심재 준불연단열재(T=100)
2-04-A,Walls,우레탄심재 준불연단열재(T=100)
2-04-A,Walls,우레탄심재 준불연단열재(T=100)
2-04-A,Walls,우레탄심재 준불연단열재(T=100)
2-04-A,Walls,우레탄심재 준불연단열재(T=70)
2-04-A,Walls,우레탄심재 준불연단열재(T=70)
2-04-A,Walls,우레탄심재 준불연단열재(T=70)
2-04-A,Walls,우레탄심재 준불연단열재(T=70)
2-04-A,Walls,우레탄심재 준불연단열재(T=70)
2-04-A,Walls,우레탄심재 준불연단열재(T=70)
2-04-A,Walls,우레탄심재 준불연단열재(T=70)
2-04-A,Walls,우레탄심재 준불연단열재(T=70)
2-04-A,Walls,우레탄심재 준불연단열재(T=70)
2-04-A,Walls,우레탄심재 준불연단열재(T=70)
2-04-A,Walls,일반석고보드(바탕용)
2-04-A,Walls,일반석고보드(바탕용)
2-04-A,Walls,칼라강판(T=15)
2-04-A,Walls,칼라강판(T=15)
2-04-A,Walls,함석판(T=0.3)
2-04-A,Windows,AW5
2-04-A,Windows,PW1
2-04-A,Windows,PW2
2-05-ST,Floors,콘크리트(T=180)
2-05-ST,Floors,콘크리트(T=180)
2-05-ST,Walls,D1-METAL C-STUD
2-05-ST,Walls,D1-METAL C-STUD
2-05-ST,Walls,D1-METAL C-STUD
2-05-ST,Walls,D1-일반석고보드
2-05-ST,Walls,D1-일반석고보드
2-05-ST,Walls,D1-일반석고보드
2-05-ST,Walls,D1-일반석고보드
2-05-ST,Walls,D1-일반석고보드
2-05-ST,Walls,D1-일반석고보드
2-05-ST,Walls,D1-일반석고보드
2-05-ST,Walls,D1-일반석고보드
2-05-ST,Walls,D1-일반석고보드
2-05-ST,Walls,D1-일반석고보드
2-05-ST,Walls,D3-METAL C-STUD
2-05-ST,Walls,D3-METAL C-STUD
2-05-ST,Walls,D3-METAL C-STUD
2-05-ST,Walls,D3-일반석고보드
2-05-ST,Walls,D3-일반석고보드
2-05-ST,Walls,D3-일반석고보드
2-05-ST,Walls,D3-일반석고보드
2-05-ST,Walls,D3-일반석고보드
2-05-ST,Walls,D3-일반석고보드
2-05-ST,Walls,D3-일반석고보드
2-05-ST,Walls,D3-일반석고보드
2-05-ST,Walls,D3-일반석고보드
2-05-ST,Walls,D3-일반석고보드
2-05-ST,Walls,D3-일반석고보드
2-05-ST,Walls,D3-일반석고보드
2-05-ST,Walls,D6-일반석고보드
2-05-ST,Walls,D6-일반석고보드
2-05-ST,Walls,경질우레탄보드(T=120)(일면은박)-경질우레탄보드
2-05-ST,Walls,석재단열패널(연한회색)(T=35)
2-05-ST,Walls,석재단열패널(회색)(T=35)
2-05-ST,Walls,석재단열패널(회색)(T=35)
2-05-ST,Walls,우레탄심재 준불연단열재(T=100)
2-05-ST,Walls,우레탄심재 준불연단열재(T=100)
2-05-ST,Walls,우레탄심재 준불연단열재(T=100)
2-05-ST,Walls,우레탄심재 준불연단열재(T=100)
2-05-ST,Walls,우레탄심재 준불연단열재(T=70)
2-05-ST,Walls,우레탄심재 준불연단열재(T=70)
2-05-ST,Walls,우레탄심재 준불연단열재(T=70)
2-05-ST,Walls,우레탄심재 준불연단열재(T=70)
2-05-ST,Walls,우레탄심재 준불연단열재(T=70)
2-05-ST,Walls,우레탄심재 준불연단열재(T=70)
2-05-ST,Walls,우레탄심재 준불연단열재(T=70)
2-05-ST,Walls,우레탄심재 준불연단열재(T=70)
2-05-ST,Walls,일반석고보드(바탕용)
2-05-ST,Walls,일반석고보드(바탕용)
2-05-ST,Walls,칼라강판(T=15)
2-05-ST,Walls,칼라강판(T=15)
2-05-ST,Walls,함석판(T=0.3)
2-05-ST,Windows,AW3
2-05-ST,Windows,AW5
2-06-A,Doors,PD1
2-06-A,Doors,SD1
2-06-A,Doors,SD2
2-06-A,Doors,SD3
2-06-A,Doors,SD5
2-06-A,Floors,강마루(T=7.5)
2-06-A,Floors,경량기포콘크리트(T=40)
2-06-A,Floors,경질우레탄보드(T=30)
2-06-A,Floors,경질우레탄보드(T=50)
2-06-A,Floors,경질우레탄보드(T=70)
2-06-A,Floors,경질우레탄보드(T=70)
2-06-A,Floors,구배몰탈(T=70)
2-06-A,Floors,도막방수(T=3)
2-06-A,Floors,시멘트몰탈(T=42.5)
2-06-A,Floors,시멘트몰탈(T=67)
2-06-A,Floors,시멘트몰탈(T=70)
2-06-A,Floors,자기질타일(T=10)
2-06-A,Floors,콘크리트(T=180)
2-06-A,Floors,콘크리트(T=180)
2-06-A,Floors,포세린타일(T=10)
2-06-A,Walls,D1-METAL C-STUD
2-06-A,Walls,D1-METAL C-STUD
2-06-A,Walls,D1-METAL C-STUD
2-06-A,Walls,D1-METAL C-STUD
2-06-A,Walls,D1-METAL C-STUD
2-06-A,Walls,D1-METAL C-STUD
2-06-A,Walls,D1-METAL C-STUD
2-06-A,Walls,D1-METAL C-STUD
2-06-A,Walls,D1-METAL C-STUD
2-06-A,Walls,D1-METAL C-STUD
2-06-A,Walls,D1-METAL C-STUD
2-06-A,Walls,D1-일반석고보드
2-06-A,Walls,D1-일반석고보드
2-06-A,Walls,D1-일반석고보드
2-06-A,Walls,D1-일반석고보드
2-06-A,Walls,D1-일반석고보드
2-06-A,Walls,D1-일반석고보드
2-06-A,Walls,D1-일반석고보드
2-06-A,Walls,D1-일반석고보드
2-06-A,Walls,D1-일반석고보드
2-06-A,Walls,D1-일반석고보드
2-06-A,Walls,D1-일반석고보드
2-06-A,Walls,D1-일반석고보드
2-06-A,Walls,D1-일반석고보드
2-06-A,Walls,D1-일반석고보드
2-06-A,Walls,D1-일반석고보드
2-06-A,Walls,D1-일반석고보드
2-06-A,Walls,D1-일반석고보드
2-06-A,Walls,D1-일반석고보드
2-06-A,Walls,D1-일반석고보드
2-06-A,Walls,D1-일반석고보드
2-06-A,Walls,D1-일반석고보드
2-06-A,Walls,D1-일반석고보드
2-06-A,Walls,D3-METAL C-STUD
2-06-A,Walls,D3-일반석고보드
2-06-A,Walls,D3-일반석고보드
2-06-A,Walls,D3-일반석고보드
2-06-A,Walls,D3-일반석고보드
2-06-A,Walls,D4-그라스울보온재24k
2-06-A,Walls,D4-그라스울보온재24k
2-06-A,Walls,D4-그라스울보온재24k
2-06-A,Walls,D4-일반석고보드
2-06-A,Walls,D4-일반석고보드
2-06-A,Walls,D4-일반석고보드
2-06-A,Walls,D4-일반석고보드
2-06-A,Walls,D4-일반석고보드
2-06-A,Walls,D4-일반석고보드
2-06-A,Walls,D4-일반석고보드
2-06-A,Walls,D4-일반석고보드
2-06-A,Walls,D4-일반석고보드
2-06-A,Walls,D4-일반석고보드
2-06-A,Walls,D4-일반석고보드
2-06-A,Walls,D4-일반석고보드
2-06-A,Walls,D8-METAL C-STUD
2-06-A,Walls,D8-일반석고보드
2-06-A,Walls,D8-합판
2-06-A,Walls,DF1-METAL C-STUD
2-06-A,Walls,DF1-방화석고보드
2-06-A,Walls,DF1-방화석고보드
2-06-A,Walls,DF2-그라스울보온재24k
2-06-A,Walls,DF2-방화석고보드
2-06-A,Walls,DF2-방화석고보드
2-06-A,Walls,HiddenWall
2-06-A,Walls,SGP패널(T=13)
2-06-A,Walls,SGP패널(T=13)
2-06-A,Walls,SGP패널(T=13)
2-06-A,Walls,SGP패널(T=13)
2-06-A,Walls,SGP패널(T=13)
2-06-A,Walls,SGP패널(T=13)
2-06-A,Walls,경질우레탄보드(T=120)(일면은박)-경질우레탄보드
2-06-A,Walls,도막방수(T=3)-Hidden
2-06-A,Walls,도막방수(T=3)-Hidden
2-06-A,Walls,도막방수(T=3)-Hidden
2-06-A,Walls,도막방수(T=3)-Hidden
2-06-A,Walls,도막방수(T=3)-Hidden
2-06-A,Walls,도막방수(T=3)-Hidden
2-06-A,Walls,석재단열패널(연한회색)(T=35)
2-06-A,Walls,석재단열패널(회색)(T=35)
2-06-A,Walls,석재단열패널(회색)(T=35)
2-06-A,Walls,우레탄심재 준불연단열재(T=100)
2-06-A,Walls,우레탄심재 준불연단열재(T=100)
2-06-A,Walls,우레탄심재 준불연단열재(T=100)
2-06-A,Walls,우레탄심재 준불연단열재(T=100)
2-06-A,Walls,우레탄심재 준불연단열재(T=100)
2-06-A,Walls,우레탄심재 준불연단열재(T=70)
2-06-A,Walls,우레탄심재 준불연단열재(T=70)
2-06-A,Walls,우레탄심재 준불연단열재(T=70)
2-06-A,Walls,우레탄심재 준불연단열재(T=70)
2-06-A,Walls,우레탄심재 준불연단열재(T=70)
2-06-A,Walls,우레탄심재 준불연단열재(T=70)
2-06-A,Walls,우레탄심재 준불연단열재(T=70)
2-06-A,Walls,우레탄심재 준불연단열재(T=70)
2-06-A,Walls,우레탄심재 준불연단열재(T=70)
2-06-A,Walls,우레탄심재 준불연단열재(T=70)
2-06-A,Walls,일반석고보드(바탕용)
2-06-A,Walls,일반석고보드(바탕용)
2-06-A,Walls,칼라강판(T=15)
2-06-A,Walls,칼라강판(T=15)
2-06-A,Walls,함석판(T=0.3)
2-06-A,Windows,AW5
2-06-A,Windows,PW1
2-06-A,Windows,PW2
2-07-A,Doors,PD1
2-07-A,Doors,SD1
2-07-A,Doors,SD2
2-07-A,Doors,SD3
2-07-A,Doors,SD5
2-07-A,Floors,강마루(T=7.5)
2-07-A,Floors,경량기포콘크리트(T=40)
2-07-A,Floors,경질우레탄보드(T=30)
2-07-A,Floors,경질우레탄보드(T=50)
2-07-A,Floors,경질우레탄보드(T=70)
2-07-A,Floors,경질우레탄보드(T=70)
2-07-A,Floors,구배몰탈(T=70)
2-07-A,Floors,도막방수(T=3)
2-07-A,Floors,시멘트몰탈(T=42.5)
2-07-A,Floors,시멘트몰탈(T=67)
2-07-A,Floors,시멘트몰탈(T=70)
2-07-A,Floors,자기질타일(T=10)
2-07-A,Floors,콘크리트(T=180)
2-07-A,Floors,콘크리트(T=180)
2-07-A,Floors,포세린타일(T=10)
2-07-A,Walls,D1-METAL C-STUD
2-07-A,Walls,D1-METAL C-STUD
2-07-A,Walls,D1-METAL C-STUD
2-07-A,Walls,D1-METAL C-STUD
2-07-A,Walls,D1-METAL C-STUD
2-07-A,Walls,D1-METAL C-STUD
2-07-A,Walls,D1-METAL C-STUD
2-07-A,Walls,D1-METAL C-STUD
2-07-A,Walls,D1-METAL C-STUD
2-07-A,Walls,D1-METAL C-STUD
2-07-A,Walls,D1-METAL C-STUD
2-07-A,Walls,D1-일반석고보드
2-07-A,Walls,D1-일반석고보드
2-07-A,Walls,D1-일반석고보드
2-07-A,Walls,D1-일반석고보드
2-07-A,Walls,D1-일반석고보드
2-07-A,Walls,D1-일반석고보드
2-07-A,Walls,D1-일반석고보드
2-07-A,Walls,D1-일반석고보드
2-07-A,Walls,D1-일반석고보드
2-07-A,Walls,D1-일반석고보드
2-07-A,Walls,D1-일반석고보드
2-07-A,Walls,D1-일반석고보드
2-07-A,Walls,D1-일반석고보드
2-07-A,Walls,D1-일반석고보드
2-07-A,Walls,D1-일반석고보드
2-07-A,Walls,D1-일반석고보드
2-07-A,Walls,D1-일반석고보드
2-07-A,Walls,D1-일반석고보드
2-07-A,Walls,D1-일반석고보드
2-07-A,Walls,D1-일반석고보드
2-07-A,Walls,D1-일반석고보드
2-07-A,Walls,D1-일반석고보드
2-07-A,Walls,D3-METAL C-STUD
2-07-A,Walls,D3-일반석고보드
2-07-A,Walls,D3-일반석고보드
2-07-A,Walls,D3-일반석고보드
2-07-A,Walls,D3-일반석고보드
2-07-A,Walls,D4-그라스울보온재24k
2-07-A,Walls,D4-그라스울보온재24k
2-07-A,Walls,D4-그라스울보온재24k
2-07-A,Walls,D4-일반석고보드
2-07-A,Walls,D4-일반석고보드
2-07-A,Walls,D4-일반석고보드
2-07-A,Walls,D4-일반석고보드
2-07-A,Walls,D4-일반석고보드
2-07-A,Walls,D4-일반석고보드
2-07-A,Walls,D4-일반석고보드
2-07-A,Walls,D4-일반석고보드
2-07-A,Walls,D4-일반석고보드
2-07-A,Walls,D4-일반석고보드
2-07-A,Walls,D4-일반석고보드
2-07-A,Walls,D4-일반석고보드
2-07-A,Walls,D8-METAL C-STUD
2-07-A,Walls,D8-일반석고보드
2-07-A,Walls,D8-합판
2-07-A,Walls,DF1-METAL C-STUD
2-07-A,Walls,DF1-방화석고보드
2-07-A,Walls,DF1-방화석고보드
2-07-A,Walls,DF2-그라스울보온재24k
2-07-A,Walls,DF2-방화석고보드
2-07-A,Walls,DF2-방화석고보드
2-07-A,Walls,HiddenWall
2-07-A,Walls,SGP패널(T=13)
2-07-A,Walls,SGP패널(T=13)
2-07-A,Walls,SGP패널(T=13)
2-07-A,Walls,SGP패널(T=13)
2-07-A,Walls,SGP패널(T=13)
2-07-A,Walls,SGP패널(T=13)
2-07-A,Walls,경질우레탄보드(T=120)(일면은박)-경질우레탄보드
2-07-A,Walls,도막방수(T=3)-Hidden
2-07-A,Walls,도막방수(T=3)-Hidden
2-07-A,Walls,도막방수(T=3)-Hidden
2-07-A,Walls,도막방수(T=3)-Hidden
2-07-A,Walls,도막방수(T=3)-Hidden
2-07-A,Walls,도막방수(T=3)-Hidden
2-07-A,Walls,석재단열패널(연한회색)(T=35)
2-07-A,Walls,석재단열패널(회색)(T=35)
2-07-A,Walls,석재단열패널(회색)(T=35)
2-07-A,Walls,우레탄심재 준불연단열재(T=100)
2-07-A,Walls,우레탄심재 준불연단열재(T=100)
2-07-A,Walls,우레탄심재 준불연단열재(T=100)
2-07-A,Walls,우레탄심재 준불연단열재(T=100)
2-07-A,Walls,우레탄심재 준불연단열재(T=70)
2-07-A,Walls,우레탄심재 준불연단열재(T=70)
2-07-A,Walls,우레탄심재 준불연단열재(T=70)
2-07-A,Walls,우레탄심재 준불연단열재(T=70)
2-07-A,Walls,우레탄심재 준불연단열재(T=70)
2-07-A,Walls,우레탄심재 준불연단열재(T=70)
2-07-A,Walls,우레탄심재 준불연단열재(T=70)
2-07-A,Walls,우레탄심재 준불연단열재(T=70)
2-07-A,Walls,우레탄심재 준불연단열재(T=70)
2-07-A,Walls,일반석고보드(바탕용)
2-07-A,Walls,일반석고보드(바탕용)
2-07-A,Walls,칼라강판(T=15)
2-07-A,Walls,칼라강판(T=15)
2-07-A,Walls,함석판(T=0.3)
2-07-A,Windows,AW5
2-07-A,Windows,PW1
2-07-A,Windows,PW2
2-08-A,Doors,PD1
2-08-A,Doors,SD1
2-08-A,Doors,SD2
2-08-A,Doors,SD3
2-08-A,Doors,SD5
2-08-A,Floors,강마루(T=7.5)
2-08-A,Floors,경량기포콘크리트(T=40)
2-08-A,Floors,경질우레탄보드(T=70)
2-08-A,Floors,구배몰탈(T=70)
2-08-A,Floors,도막방수(T=3)
2-08-A,Floors,비드법보온판(2종1호)(T=50)
2-08-A,Floors,시멘트몰탈(T=42.5)
2-08-A,Floors,시멘트몰탈(T=67)
2-08-A,Floors,시멘트몰탈(T=70)
2-08-A,Floors,자기질타일(T=10)
2-08-A,Floors,콘크리트(T=180)
2-08-A,Floors,콘크리트(T=180)
2-08-A,Floors,포세린타일(T=10)
2-08-A,Walls,D1-METAL C-STUD
2-08-A,Walls,D1-METAL C-STUD
2-08-A,Walls,D1-METAL C-STUD
2-08-A,Walls,D1-METAL C-STUD
2-08-A,Walls,D1-METAL C-STUD
2-08-A,Walls,D1-METAL C-STUD
2-08-A,Walls,D1-METAL C-STUD
2-08-A,Walls,D1-METAL C-STUD
2-08-A,Walls,D1-METAL C-STUD
2-08-A,Walls,D1-METAL C-STUD
2-08-A,Walls,D1-METAL C-STUD
2-08-A,Walls,D1-일반석고보드
2-08-A,Walls,D1-일반석고보드
2-08-A,Walls,D1-일반석고보드
2-08-A,Walls,D1-일반석고보드
2-08-A,Walls,D1-일반석고보드
2-08-A,Walls,D1-일반석고보드
2-08-A,Walls,D1-일반석고보드
2-08-A,Walls,D1-일반석고보드
2-08-A,Walls,D1-일반석고보드
2-08-A,Walls,D1-일반석고보드
2-08-A,Walls,D1-일반석고보드
2-08-A,Walls,D1-일반석고보드
2-08-A,Walls,D1-일반석고보드
2-08-A,Walls,D1-일반석고보드
2-08-A,Walls,D1-일반석고보드
2-08-A,Walls,D1-일반석고보드
2-08-A,Walls,D1-일반석고보드
2-08-A,Walls,D1-일반석고보드
2-08-A,Walls,D1-일반석고보드
2-08-A,Walls,D1-일반석고보드
2-08-A,Walls,D1-일반석고보드
2-08-A,Walls,D1-일반석고보드
2-08-A,Walls,D3-METAL C-STUD
2-08-A,Walls,D3-일반석고보드
2-08-A,Walls,D3-일반석고보드
2-08-A,Walls,D3-일반석고보드
2-08-A,Walls,D3-일반석고보드
2-08-A,Walls,D4-그라스울보온재24k
2-08-A,Walls,D4-그라스울보온재24k
2-08-A,Walls,D4-그라스울보온재24k
2-08-A,Walls,D4-일반석고보드
2-08-A,Walls,D4-일반석고보드
2-08-A,Walls,D4-일반석고보드
2-08-A,Walls,D4-일반석고보드
2-08-A,Walls,D4-일반석고보드
2-08-A,Walls,D4-일반석고보드
2-08-A,Walls,D4-일반석고보드
2-08-A,Walls,D4-일반석고보드
2-08-A,Walls,D4-일반석고보드
2-08-A,Walls,D4-일반석고보드
2-08-A,Walls,D4-일반석고보드
2-08-A,Walls,D4-일반석고보드
2-08-A,Walls,D8-METAL C-STUD
2-08-A,Walls,D8-일반석고보드
2-08-A,Walls,D8-합판
2-08-A,Walls,DF1-METAL C-STUD
2-08-A,Walls,DF1-방화석고보드
2-08-A,Walls,DF1-방화석고보드
2-08-A,Walls,DF2-그라스울보온재24k
2-08-A,Walls,DF2-방화석고보드
2-08-A,Walls,DF2-방화석고보드
2-08-A,Walls,HiddenWall
2-08-A,Walls,SGP패널(T=13)
2-08-A,Walls,SGP패널(T=13)
2-08-A,Walls,SGP패널(T=13)
2-08-A,Walls,SGP패널(T=13)
2-08-A,Walls,SGP패널(T=13)
2-08-A,Walls,SGP패널(T=13)
2-08-A,Walls,경질우레탄보드(T=120)(일면은박)-경질우레탄보드
2-08-A,Walls,도막방수(T=3)-Hidden
2-08-A,Walls,도막방수(T=3)-Hidden
2-08-A,Walls,도막방수(T=3)-Hidden
2-08-A,Walls,도막방수(T=3)-Hidden
2-08-A,Walls,도막방수(T=3)-Hidden
2-08-A,Walls,도막방수(T=3)-Hidden
2-08-A,Walls,석재단열패널(연한회색)(T=35)
2-08-A,Walls,석재단열패널(회색)(T=35)
2-08-A,Walls,석재단열패널(회색)(T=35)
2-08-A,Walls,우레탄심재 준불연단열재(T=100)
2-08-A,Walls,우레탄심재 준불연단열재(T=100)
2-08-A,Walls,우레탄심재 준불연단열재(T=100)
2-08-A,Walls,우레탄심재 준불연단열재(T=100)
2-08-A,Walls,우레탄심재 준불연단열재(T=70)
2-08-A,Walls,우레탄심재 준불연단열재(T=70)
2-08-A,Walls,우레탄심재 준불연단열재(T=70)
2-08-A,Walls,우레탄심재 준불연단열재(T=70)
2-08-A,Walls,우레탄심재 준불연단열재(T=70)
2-08-A,Walls,우레탄심재 준불연단열재(T=70)
2-08-A,Walls,우레탄심재 준불연단열재(T=70)
2-08-A,Walls,우레탄심재 준불연단열재(T=70)
2-08-A,Walls,우레탄심재 준불연단열재(T=70)
2-08-A,Walls,일반석고보드(바탕용)
2-08-A,Walls,일반석고보드(바탕용)
2-08-A,Walls,칼라강판(T=15)
2-08-A,Walls,칼라강판(T=15)
2-08-A,Walls,함석판(T=0.3)
2-08-A,Windows,AW5
2-08-A,Windows,PW1
2-08-A,Windows,PW2
2-09-A,Doors,PD1
2-09-A,Doors,SD1
2-09-A,Doors,SD2
2-09-A,Doors,SD3
2-09-A,Doors,SD5
2-09-A,Floors,강마루(T=7.5)
2-09-A,Floors,경량기포콘크리트(T=40)
2-09-A,Floors,경질우레탄보드(T=70)
2-09-A,Floors,구배몰탈(T=70)
2-09-A,Floors,도막방수(T=3)
2-09-A,Floors,비드법보온판(2종1호)(T=50)
2-09-A,Floors,시멘트몰탈(T=42.5)
2-09-A,Floors,시멘트몰탈(T=67)
2-09-A,Floors,시멘트몰탈(T=70)
2-09-A,Floors,자기질타일(T=10)
2-09-A,Floors,칼라강판
2-09-A,Floors,콘크리트(T=180)
2-09-A,Floors,콘크리트(T=180)
2-09-A,Floors,포세린타일(T=10)
2-09-A,Walls,D1-METAL C-STUD
2-09-A,Walls,D1-METAL C-STUD
2-09-A,Walls,D1-METAL C-STUD
2-09-A,Walls,D1-METAL C-STUD
2-09-A,Walls,D1-METAL C-STUD
2-09-A,Walls,D1-METAL C-STUD
2-09-A,Walls,D1-METAL C-STUD
2-09-A,Walls,D1-METAL C-STUD
2-09-A,Walls,D1-METAL C-STUD
2-09-A,Walls,D1-METAL C-STUD
2-09-A,Walls,D1-METAL C-STUD
2-09-A,Walls,D1-일반석고보드
2-09-A,Walls,D1-일반석고보드
2-09-A,Walls,D1-일반석고보드
2-09-A,Walls,D1-일반석고보드
2-09-A,Walls,D1-일반석고보드
2-09-A,Walls,D1-일반석고보드
2-09-A,Walls,D1-일반석고보드
2-09-A,Walls,D1-일반석고보드
2-09-A,Walls,D1-일반석고보드
2-09-A,Walls,D1-일반석고보드
2-09-A,Walls,D1-일반석고보드
2-09-A,Walls,D1-일반석고보드
2-09-A,Walls,D1-일반석고보드
2-09-A,Walls,D1-일반석고보드
2-09-A,Walls,D1-일반석고보드
2-09-A,Walls,D1-일반석고보드
2-09-A,Walls,D1-일반석고보드
2-09-A,Walls,D1-일반석고보드
2-09-A,Walls,D1-일반석고보드
2-09-A,Walls,D1-일반석고보드
2-09-A,Walls,D1-일반석고보드
2-09-A,Walls,D1-일반석고보드
2-09-A,Walls,D3-METAL C-STUD
2-09-A,Walls,D3-일반석고보드
2-09-A,Walls,D3-일반석고보드
2-09-A,Walls,D3-일반석고보드
2-09-A,Walls,D3-일반석고보드
2-09-A,Walls,D4-그라스울보온재24k
2-09-A,Walls,D4-그라스울보온재24k
2-09-A,Walls,D4-그라스울보온재24k
2-09-A,Walls,D4-일반석고보드
2-09-A,Walls,D4-일반석고보드
2-09-A,Walls,D4-일반석고보드
2-09-A,Walls,D4-일반석고보드
2-09-A,Walls,D4-일반석고보드
2-09-A,Walls,D4-일반석고보드
2-09-A,Walls,D4-일반석고보드
2-09-A,Walls,D4-일반석고보드
2-09-A,Walls,D4-일반석고보드
2-09-A,Walls,D4-일반석고보드
2-09-A,Walls,D4-일반석고보드
2-09-A,Walls,D4-일반석고보드
2-09-A,Walls,D8-METAL C-STUD
2-09-A,Walls,D8-일반석고보드
2-09-A,Walls,D8-합판
2-09-A,Walls,DF1-METAL C-STUD
2-09-A,Walls,DF1-방화석고보드
2-09-A,Walls,DF1-방화석고보드
2-09-A,Walls,DF2-그라스울보온재24k
2-09-A,Walls,DF2-방화석고보드
2-09-A,Walls,DF2-방화석고보드
2-09-A,Walls,HiddenWall
2-09-A,Walls,SGP패널(T=13)
2-09-A,Walls,SGP패널(T=13)
2-09-A,Walls,SGP패널(T=13)
2-09-A,Walls,SGP패널(T=13)
2-09-A,Walls,SGP패널(T=13)
2-09-A,Walls,SGP패널(T=13)
2-09-A,Walls,경질우레탄보드(T=120)(일면은박)-경질우레탄보드
2-09-A,Walls,도막방수(T=3)-Hidden
2-09-A,Walls,도막방수(T=3)-Hidden
2-09-A,Walls,도막방수(T=3)-Hidden
2-09-A,Walls,도막방수(T=3)-Hidden
2-09-A,Walls,도막방수(T=3)-Hidden
2-09-A,Walls,도막방수(T=3)-Hidden
2-09-A,Walls,석재단열패널(연한회색)(T=35)
2-09-A,Walls,석재단열패널(연한회색)(T=35)
2-09-A,Walls,석재단열패널(회색)(T=35)
2-09-A,Walls,석재단열패널(회색)(T=35)
2-09-A,Walls,우레탄심재 준불연단열재(T=100)
2-09-A,Walls,우레탄심재 준불연단열재(T=100)
2-09-A,Walls,우레탄심재 준불연단열재(T=100)
2-09-A,Walls,우레탄심재 준불연단열재(T=100)
2-09-A,Walls,우레탄심재 준불연단열재(T=70)
2-09-A,Walls,우레탄심재 준불연단열재(T=70)
2-09-A,Walls,우레탄심재 준불연단열재(T=70)
2-09-A,Walls,우레탄심재 준불연단열재(T=70)
2-09-A,Walls,우레탄심재 준불연단열재(T=70)
2-09-A,Walls,우레탄심재 준불연단열재(T=70)
2-09-A,Walls,우레탄심재 준불연단열재(T=70)
2-09-A,Walls,우레탄심재 준불연단열재(T=70)
2-09-A,Walls,우레탄심재 준불연단열재(T=70)
2-09-A,Walls,일반석고보드(바탕용)
2-09-A,Walls,일반석고보드(바탕용)
2-09-A,Walls,칼라강판(T=15)
2-09-A,Walls,칼라강판(T=15)
2-09-A,Walls,함석판(T=0.3)
2-09-A,Windows,AW5
2-09-A,Windows,PW1
2-09-A,Windows,PW2
2-10-A,Doors,PD1
2-10-A,Doors,SD1
2-10-A,Doors,SD2
2-10-A,Doors,SD3
2-10-A,Doors,SD5
2-10-A,Floors,강마루(T=7.5)
2-10-A,Floors,경량기포콘크리트(T=40)
2-10-A,Floors,경질우레탄보드(T=70)
2-10-A,Floors,구배몰탈(T=70)
2-10-A,Floors,도막방수(T=3)
2-10-A,Floors,비드법보온판(2종1호)(T=50)
2-10-A,Floors,시멘트몰탈(T=42.5)
2-10-A,Floors,시멘트몰탈(T=67)
2-10-A,Floors,시멘트몰탈(T=70)
2-10-A,Floors,자기질타일(T=10)
2-10-A,Floors,칼라강판
2-10-A,Floors,콘크리트(T=180)
2-10-A,Floors,콘크리트(T=180)
2-10-A,Floors,포세린타일(T=10)
2-10-A,Walls,D1-METAL C-STUD
2-10-A,Walls,D1-METAL C-STUD
2-10-A,Walls,D1-METAL C-STUD
2-10-A,Walls,D1-METAL C-STUD
2-10-A,Walls,D1-METAL C-STUD
2-10-A,Walls,D1-METAL C-STUD
2-10-A,Walls,D1-METAL C-STUD
2-10-A,Walls,D1-METAL C-STUD
2-10-A,Walls,D1-METAL C-STUD
2-10-A,Walls,D1-METAL C-STUD
2-10-A,Walls,D1-METAL C-STUD
2-10-A,Walls,D1-일반석고보드
2-10-A,Walls,D1-일반석고보드
2-10-A,Walls,D1-일반석고보드
2-10-A,Walls,D1-일반석고보드
2-10-A,Walls,D1-일반석고보드
2-10-A,Walls,D1-일반석고보드
2-10-A,Walls,D1-일반석고보드
2-10-A,Walls,D1-일반석고보드
2-10-A,Walls,D1-일반석고보드
2-10-A,Walls,D1-일반석고보드
2-10-A,Walls,D1-일반석고보드
2-10-A,Walls,D1-일반석고보드
2-10-A,Walls,D1-일반석고보드
2-10-A,Walls,D1-일반석고보드
2-10-A,Walls,D1-일반석고보드
2-10-A,Walls,D1-일반석고보드
2-10-A,Walls,D1-일반석고보드
2-10-A,Walls,D1-일반석고보드
2-10-A,Walls,D1-일반석고보드
2-10-A,Walls,D1-일반석고보드
2-10-A,Walls,D1-일반석고보드
2-10-A,Walls,D1-일반석고보드
2-10-A,Walls,D3-METAL C-STUD
2-10-A,Walls,D3-일반석고보드
2-10-A,Walls,D3-일반석고보드
2-10-A,Walls,D3-일반석고보드
2-10-A,Walls,D3-일반석고보드
2-10-A,Walls,D4-그라스울보온재24k
2-10-A,Walls,D4-그라스울보온재24k
2-10-A,Walls,D4-그라스울보온재24k
2-10-A,Walls,D4-일반석고보드
2-10-A,Walls,D4-일반석고보드
2-10-A,Walls,D4-일반석고보드
2-10-A,Walls,D4-일반석고보드
2-10-A,Walls,D4-일반석고보드
2-10-A,Walls,D4-일반석고보드
2-10-A,Walls,D4-일반석고보드
2-10-A,Walls,D4-일반석고보드
2-10-A,Walls,D4-일반석고보드
2-10-A,Walls,D4-일반석고보드
2-10-A,Walls,D4-일반석고보드
2-10-A,Walls,D4-일반석고보드
2-10-A,Walls,D8-METAL C-STUD
2-10-A,Walls,D8-일반석고보드
2-10-A,Walls,D8-합판
2-10-A,Walls,DF1-METAL C-STUD
2-10-A,Walls,DF1-방화석고보드
2-10-A,Walls,DF1-방화석고보드
2-10-A,Walls,DF2-그라스울보온재24k
2-10-A,Walls,DF2-방화석고보드
2-10-A,Walls,DF2-방화석고보드
2-10-A,Walls,HiddenWall
2-10-A,Walls,SGP패널(T=13)
2-10-A,Walls,SGP패널(T=13)
2-10-A,Walls,SGP패널(T=13)
2-10-A,Walls,SGP패널(T=13)
2-10-A,Walls,SGP패널(T=13)
2-10-A,Walls,SGP패널(T=13)
2-10-A,Walls,경질우레탄보드(T=120)(일면은박)-경질우레탄보드
2-10-A,Walls,도막방수(T=3)-Hidden
2-10-A,Walls,도막방수(T=3)-Hidden
2-10-A,Walls,도막방수(T=3)-Hidden
2-10-A,Walls,도막방수(T=3)-Hidden
2-10-A,Walls,도막방수(T=3)-Hidden
2-10-A,Walls,도막방수(T=3)-Hidden
2-10-A,Walls,석재단열패널(연한회색)(T=35)
2-10-A,Walls,석재단열패널(연한회색)(T=35)
2-10-A,Walls,석재단열패널(회색)(T=35)
2-10-A,Walls,석재단열패널(회색)(T=35)
2-10-A,Walls,우레탄심재 준불연단열재(T=100)
2-10-A,Walls,우레탄심재 준불연단열재(T=100)
2-10-A,Walls,우레탄심재 준불연단열재(T=100)
2-10-A,Walls,우레탄심재 준불연단열재(T=100)
2-10-A,Walls,우레탄심재 준불연단열재(T=70)
2-10-A,Walls,우레탄심재 준불연단열재(T=70)
2-10-A,Walls,우레탄심재 준불연단열재(T=70)
2-10-A,Walls,우레탄심재 준불연단열재(T=70)
2-10-A,Walls,우레탄심재 준불연단열재(T=70)
2-10-A,Walls,우레탄심재 준불연단열재(T=70)
2-10-A,Walls,우레탄심재 준불연단열재(T=70)
2-10-A,Walls,우레탄심재 준불연단열재(T=70)
2-10-A,Walls,우레탄심재 준불연단열재(T=70)
2-10-A,Walls,일반석고보드(바탕용)
2-10-A,Walls,일반석고보드(바탕용)
2-10-A,Walls,칼라강판(T=15)
2-10-A,Walls,칼라강판(T=15)
2-10-A,Walls,함석판(T=0.3)
2-10-A,Windows,AW5
2-10-A,Windows,PW1
2-10-A,Windows,PW2
2-11-A,Doors,PD1
2-11-A,Doors,SD1
2-11-A,Doors,SD2
2-11-A,Doors,SD3
2-11-A,Doors,SD5
2-11-A,Floors,강마루(T=7.5)
2-11-A,Floors,경량기포콘크리트(T=40)
2-11-A,Floors,경질우레탄보드(T=70)
2-11-A,Floors,구배몰탈(T=70)
2-11-A,Floors,도막방수(T=3)
2-11-A,Floors,비드법보온판(2종1호)(T=50)
2-11-A,Floors,시멘트몰탈(T=42.5)
2-11-A,Floors,시멘트몰탈(T=67)
2-11-A,Floors,시멘트몰탈(T=70)
2-11-A,Floors,자기질타일(T=10)
2-11-A,Floors,칼라강판
2-11-A,Floors,콘크리트(T=180)
2-11-A,Floors,콘크리트(T=180)
2-11-A,Floors,포세린타일(T=10)
2-11-A,Walls,D1-METAL C-STUD
2-11-A,Walls,D1-METAL C-STUD
2-11-A,Walls,D1-METAL C-STUD
2-11-A,Walls,D1-METAL C-STUD
2-11-A,Walls,D1-METAL C-STUD
2-11-A,Walls,D1-METAL C-STUD
2-11-A,Walls,D1-METAL C-STUD
2-11-A,Walls,D1-METAL C-STUD
2-11-A,Walls,D1-METAL C-STUD
2-11-A,Walls,D1-METAL C-STUD
2-11-A,Walls,D1-METAL C-STUD
2-11-A,Walls,D1-METAL C-STUD
2-11-A,Walls,D1-METAL C-STUD
2-11-A,Walls,D1-일반석고보드
2-11-A,Walls,D1-일반석고보드
2-11-A,Walls,D1-일반석고보드
2-11-A,Walls,D1-일반석고보드
2-11-A,Walls,D1-일반석고보드
2-11-A,Walls,D1-일반석고보드
2-11-A,Walls,D1-일반석고보드
2-11-A,Walls,D1-일반석고보드
2-11-A,Walls,D1-일반석고보드
2-11-A,Walls,D1-일반석고보드
2-11-A,Walls,D1-일반석고보드
2-11-A,Walls,D1-일반석고보드
2-11-A,Walls,D1-일반석고보드
2-11-A,Walls,D1-일반석고보드
2-11-A,Walls,D1-일반석고보드
2-11-A,Walls,D1-일반석고보드
2-11-A,Walls,D1-일반석고보드
2-11-A,Walls,D1-일반석고보드
2-11-A,Walls,D1-일반석고보드
2-11-A,Walls,D1-일반석고보드
2-11-A,Walls,D1-일반석고보드
2-11-A,Walls,D1-일반석고보드
2-11-A,Walls,D1-일반석고보드
2-11-A,Walls,D1-일반석고보드
2-11-A,Walls,D1-일반석고보드
2-11-A,Walls,D1-일반석고보드
2-11-A,Walls,D1-일반석고보드
2-11-A,Walls,D1-일반석고보드
2-11-A,Walls,D1-일반석고보드
2-11-A,Walls,D1-일반석고보드
2-11-A,Walls,D3-METAL C-STUD
2-11-A,Walls,D3-일반석고보드
2-11-A,Walls,D3-일반석고보드
2-11-A,Walls,D3-일반석고보드
2-11-A,Walls,D3-일반석고보드
2-11-A,Walls,D4-그라스울보온재24k
2-11-A,Walls,D4-그라스울보온재24k
2-11-A,Walls,D4-그라스울보온재24k
2-11-A,Walls,D4-일반석고보드
2-11-A,Walls,D4-일반석고보드
2-11-A,Walls,D4-일반석고보드
2-11-A,Walls,D4-일반석고보드
2-11-A,Walls,D4-일반석고보드
2-11-A,Walls,D4-일반석고보드
2-11-A,Walls,D4-일반석고보드
2-11-A,Walls,D4-일반석고보드
2-11-A,Walls,D4-일반석고보드
2-11-A,Walls,D4-일반석고보드
2-11-A,Walls,D4-일반석고보드
2-11-A,Walls,D4-일반석고보드
2-11-A,Walls,D8-METAL C-STUD
2-11-A,Walls,D8-일반석고보드
2-11-A,Walls,D8-합판
2-11-A,Walls,DF1-METAL C-STUD
2-11-A,Walls,DF1-방화석고보드
2-11-A,Walls,DF1-방화석고보드
2-11-A,Walls,DF2-그라스울보온재24k
2-11-A,Walls,DF2-방화석고보드
2-11-A,Walls,DF2-방화석고보드
2-11-A,Walls,HiddenWall
2-11-A,Walls,SGP패널(T=13)
2-11-A,Walls,SGP패널(T=13)
2-11-A,Walls,SGP패널(T=13)
2-11-A,Walls,SGP패널(T=13)
2-11-A,Walls,SGP패널(T=13)
2-11-A,Walls,SGP패널(T=13)
2-11-A,Walls,경질우레탄보드(T=120)(일면은박)-경질우레탄보드
2-11-A,Walls,경질우레탄보드(T=120)(일면은박)-경질우레탄보드
2-11-A,Walls,도막방수(T=3)-Hidden
2-11-A,Walls,도막방수(T=3)-Hidden
2-11-A,Walls,도막방수(T=3)-Hidden
2-11-A,Walls,도막방수(T=3)-Hidden
2-11-A,Walls,도막방수(T=3)-Hidden
2-11-A,Walls,도막방수(T=3)-Hidden
2-11-A,Walls,석재단열패널(연한회색)(T=35)
2-11-A,Walls,석재단열패널(연한회색)(T=35)
2-11-A,Walls,석재단열패널(연한회색)(T=35)
2-11-A,Walls,석재단열패널(회색)(T=35)
2-11-A,Walls,석재단열패널(회색)(T=35)
2-11-A,Walls,석재단열패널(회색)(T=35)
2-11-A,Walls,우레탄심재 준불연단열재(T=100)
2-11-A,Walls,우레탄심재 준불연단열재(T=100)
2-11-A,Walls,우레탄심재 준불연단열재(T=100)
2-11-A,Walls,우레탄심재 준불연단열재(T=100)
2-11-A,Walls,우레탄심재 준불연단열재(T=70)
2-11-A,Walls,우레탄심재 준불연단열재(T=70)
2-11-A,Walls,우레탄심재 준불연단열재(T=70)
2-11-A,Walls,우레탄심재 준불연단열재(T=70)
2-11-A,Walls,우레탄심재 준불연단열재(T=70)
2-11-A,Walls,우레탄심재 준불연단열재(T=70)
2-11-A,Walls,우레탄심재 준불연단열재(T=70)
2-11-A,Walls,우레탄심재 준불연단열재(T=70)
2-11-A,Walls,우레탄심재 준불연단열재(T=70)
2-11-A,Walls,일반석고보드(바탕용)
2-11-A,Walls,칼라강판(T=15)
2-11-A,Walls,칼라강판(T=15)
2-11-A,Walls,칼라강판(T=20)
2-11-A,Walls,칼라강판(T=20)
2-11-A,Walls,칼라강판(T=20)
2-11-A,Walls,칼라강판(T=20)
2-11-A,Walls,칼라강판(T=20)
2-11-A,Walls,칼라강판(T=20)
2-11-A,Walls,칼라강판(T=20)
2-11-A,Walls,칼라강판(T=20)
2-11-A,Walls,함석판(T=0.3)
2-11-A,Windows,AW5
2-11-A,Windows,PW1
2-11-A,Windows,PW2
분리발주공사,Walls,철근콘크리트(T=150)
분리발주공사,Walls,철근콘크리트(T=150)
분리발주공사,Walls,철근콘크리트(T=150)
분리발주공사,Walls,철근콘크리트(T=150)
분리발주공사,Walls,철근콘크리트(T=150)
분리발주공사,Walls,철근콘크리트(T=150)
분리발주공사,Walls,철근콘크리트(T=150)
분리발주공사,Walls,철근콘크리트(T=150)
분리발주공사,Walls,철근콘크리트(T=500)
분리발주공사,Walls,철근콘크리트(T=500)
분리발주공사,Walls,철근콘크리트(T=600)
분리발주공사,Walls,철근콘크리트(T=600)
분리발주공사,Walls,철근콘크리트(T=600)
분리발주공사,Walls,철근콘크리트(T=600)
분리발주공사,Walls,철근콘크리트(T=600)
분리발주공사,Walls,철근콘크리트(T=600)
현장공사분-금속공사,Floors,칼라강판(T=20)
현장공사분-금속공사,Floors,칼라강판(T=20)
현장공사분-금속공사,Floors,칼라강판(T=20)
현장공사분-금속공사,Floors,칼라강판(T=20)
현장공사분-금속공사,Floors,칼라강판(T=20)
현장공사분-금속공사,Floors,칼라강판(T=20)
현장공사분-금속공사,Floors,칼라강판(기계실 캐노피)
현장공사분-금속공사,Floors,칼라강판(현관)
현장공사분-금속공사,Walls,칼라강판(T=15)
현장공사분-금속공사,Walls,칼라강판(T=15)
현장공사분-금속공사,Walls,칼라강판(T=15)
현장공사분-금속공사,Walls,칼라강판(T=15)
현장공사분-금속공사,Walls,칼라강판(T=15)
현장공사분-금속공사,Walls,칼라강판(T=15)
현장공사분-금속공사,Walls,칼라강판(T=15)
현장공사분-금속공사,Walls,칼라강판(T=15)
현장공사분-금속공사,Walls,칼라강판(T=15)
현장공사분-금속공사,Walls,칼라강판(T=15)
현장공사분-금속공사,Walls,칼라강판(T=15)
현장공사분-금속공사,Walls,칼라강판(T=15)
현장공사분-금속공사,Walls,칼라강판(T=15)
현장공사분-금속공사,Walls,칼라강판(T=15)
현장공사분-금속공사,Walls,칼라강판(T=15)
현장공사분-금속공사,Walls,칼라강판(T=15)
현장공사분-금속공사,Walls,칼라강판(T=15)
현장공사분-금속공사,Walls,칼라강판(T=15)
현장공사분-금속공사,Walls,칼라강판(T=15)
현장공사분-금속공사,Walls,칼라강판(T=15)
현장공사분-금속공사,Walls,칼라강판(T=15)
현장공사분-금속공사,Walls,칼라강판(T=15)
현장공사분-금속공사,Walls,칼라강판(T=15)
현장공사분-금속공사,Walls,칼라강판(T=15)
현장공사분-금속공사,Walls,칼라강판(T=15)
현장공사분-금속공사,Walls,칼라강판(T=20)
현장공사분-금속공사,Walls,칼라강판(T=20)
현장공사분-금속공사,Walls,칼라강판(T=20)
현장공사분-금속공사,Walls,칼라강판(T=20)
현장공사분-금속공사,Walls,칼라강판(T=20)
현장공사분-금속공사,Walls,칼라강판(T=20)
현장공사분-금속공사,Walls,칼라강판(T=20)
현장공사분-금속공사,Walls,칼라강판(T=20)
현장공사분-금속공사,Walls,칼라강판(T=20)
현장공사분-금속공사,Walls,칼라강판(T=20)
현장공사분-금속공사,Walls,칼라강판(T=20)
현장공사분-금속공사,Walls,칼라강판(T=20)
현장공사분-금속공사,Walls,칼라강판(T=20)
현장공사분-금속공사,Walls,칼라강판(T=20)
현장공사분-금속공사,Walls,칼라강판(T=20)
현장공사분-금속공사,Walls,칼라강판(T=20)
현장공사분-금속공사,Walls,칼라강판(T=20)
현장공사분-금속공사,Walls,칼라강판(T=20)
현장공사분-금속공사,Walls,칼라강판(T=20)
현장공사분-금속공사,Walls,칼라강판(T=20)
현장공사분-금속공사,Walls,칼라강판(T=20)
현장공사분-금속공사,Walls,칼라강판(T=20)
현장공사분-금속공사,Walls,칼라강판(T=20)
현장공사분-금속공사,Walls,칼라강판(T=20)
현장공사분-금속공사,Walls,칼라강판(T=20)
현장공사분-금속공사,Walls,칼라강판(T=20)
현장공사분-금속공사,Walls,칼라강판(T=20)
현장공사분-금속공사,Walls,칼라강판(T=20)
현장공사분-금속공사,Walls,칼라강판(T=20)
현장공사분-금속공사,Walls,칼라강판(T=20)
현장공사분-금속공사,Walls,칼라강판(T=20)
현장공사분-금속공사,Walls,칼라강판(T=20)
현장공사분-금속공사,Walls,칼라강판(T=20)
현장공사분-금속공사,Walls,칼라강판(T=20)
현장공사분-금속공사,Walls,칼라강판(T=20)
현장공사분-금속공사,Walls,칼라강판(T=20)
현장공사분-금속공사,Walls,칼라강판(T=20)
현장공사분-금속공사,Walls,칼라강판(T=20)
현장공사분-금속공사,Walls,칼라강판(기계실 캐노피)
현장공사분-금속공사,Walls,칼라강판(기계실 캐노피)
현장공사분-금속공사,Walls,칼라강판(기계실 캐노피)
현장공사분-금속공사,Walls,칼라강판(현관 캐노피)
현장공사분-금속공사,Walls,칼라강판(현관 캐노피)
현장공사분-금속공사,Walls,칼라강판(현관 캐노피)
현장공사분-금속공사,Walls,칼라강판(현관 캐노피)
현장공사분-금속공사,Walls,칼라강판(현관 캐노피)
현장공사분-금속공사,Walls,칼라강판(현관 캐노피)
현장공사분-방수공사,Walls,시멘트액체방수(T=15)
현장공사분-방수공사,Walls,시멘트액체방수(T=15)
현장공사분-방수공사,Walls,시멘트액체방수(T=15)
현장공사분-방수공사,Walls,시멘트액체방수(T=15)
현장공사분-방수공사,Walls,시멘트액체방수(T=15)
현장공사분-방수공사,Walls,시멘트액체방수(T=15)
현장공사분-방수공사,Walls,시멘트액체방수(T=15)
현장공사분-방수공사,Walls,시멘트액체방수(T=15)
현장공사분-방수공사,Walls,시멘트액체방수(T=15)
현장공사분-방수공사,Walls,시멘트액체방수(T=15)
현장공사분-방수공사,Walls,시멘트액체방수(T=15)
현장공사분-방수공사,Walls,시멘트액체방수(T=15)
현장공사분-방수공사,Walls,시멘트액체방수(T=15)
현장공사분-방수공사,Walls,시멘트액체방수(T=15)
현장공사분-방수공사,Walls,시멘트액체방수(T=15)
현장공사분-방수공사,Walls,시멘트액체방수(T=15)
현장공사분-수장공사,Floors,경질우레탄보드(T=30)
현장공사분-수장공사,Floors,그라스울패널(T=50)
현장공사분-수장공사,Floors,단열흡음뿜칠(T=10)
현장공사분-수장공사,Floors,단열흡음뿜칠(T=10)
현장공사분-수장공사,Floors,일반석고보드(T=12.5)
현장공사분-수장공사,Floors,일반석고보드(T=25)
현장공사분-수장공사,Floors,일반석고보드(T=25)
현장공사분-수장공사,Floors,일반석고보드(T=25)
현장공사분-수장공사,Floors,일반석고보드(T=25)
현장공사분-수장공사,Floors,일반석고보드(T=25)
현장공사분-수장공사,Floors,일반석고보드(T=25)
현장공사분-수장공사,Walls,D1-METAL C-STUD
현장공사분-수장공사,Walls,D1-METAL C-STUD
현장공사분-수장공사,Walls,D1-METAL C-STUD
현장공사분-수장공사,Walls,D1-METAL C-STUD
현장공사분-수장공사,Walls,D1-METAL C-STUD
현장공사분-수장공사,Walls,D1-METAL C-STUD
현장공사분-수장공사,Walls,D1-METAL C-STUD
현장공사분-수장공사,Walls,D1-METAL C-STUD
현장공사분-수장공사,Walls,D1-METAL C-STUD
현장공사분-수장공사,Walls,D1-METAL C-STUD
현장공사분-수장공사,Walls,D1-METAL C-STUD
현장공사분-수장공사,Walls,D1-METAL C-STUD
현장공사분-수장공사,Walls,D1-METAL C-STUD
현장공사분-수장공사,Walls,D1-일반석고보드
현장공사분-수장공사,Walls,D1-일반석고보드
현장공사분-수장공사,Walls,D1-일반석고보드
현장공사분-수장공사,Walls,D1-일반석고보드
현장공사분-수장공사,Walls,D1-일반석고보드
현장공사분-수장공사,Walls,D1-일반석고보드
현장공사분-수장공사,Walls,D1-일반석고보드
현장공사분-수장공사,Walls,D1-일반석고보드
현장공사분-수장공사,Walls,D1-일반석고보드
현장공사분-수장공사,Walls,D1-일반석고보드
현장공사분-수장공사,Walls,D1-일반석고보드
현장공사분-수장공사,Walls,D1-일반석고보드
현장공사분-수장공사,Walls,D1-일반석고보드
현장공사분-수장공사,Walls,D1-일반석고보드
현장공사분-수장공사,Walls,D1-일반석고보드
현장공사분-수장공사,Walls,D1-일반석고보드
현장공사분-수장공사,Walls,D1-일반석고보드
현장공사분-수장공사,Walls,D1-일반석고보드
현장공사분-수장공사,Walls,D1-일반석고보드
현장공사분-수장공사,Walls,D1-일반석고보드
현장공사분-수장공사,Walls,D1-일반석고보드
현장공사분-수장공사,Walls,D1-일반석고보드
현장공사분-수장공사,Walls,D1-일반석고보드
현장공사분-수장공사,Walls,D1-일반석고보드
현장공사분-수장공사,Walls,D1-일반석고보드
현장공사분-수장공사,Walls,D1-일반석고보드
현장공사분-수장공사,Walls,D1-일반석고보드
현장공사분-수장공사,Walls,D1-일반석고보드
현장공사분-수장공사,Walls,D1-일반석고보드
현장공사분-수장공사,Walls,D1-일반석고보드
현장공사분-수장공사,Walls,D1-일반석고보드
현장공사분-수장공사,Walls,D1-일반석고보드
현장공사분-수장공사,Walls,D1-일반석고보드
현장공사분-수장공사,Walls,D1-일반석고보드
현장공사분-수장공사,Walls,D1-일반석고보드
현장공사분-수장공사,Walls,D1-일반석고보드
현장공사분-수장공사,Walls,D1-일반석고보드
현장공사분-수장공사,Walls,D1-일반석고보드
현장공사분-수장공사,Walls,D3-METAL C-STUD
현장공사분-수장공사,Walls,D3-METAL C-STUD
현장공사분-수장공사,Walls,D3-METAL C-STUD
현장공사분-수장공사,Walls,D3-일반석고보드
현장공사분-수장공사,Walls,D3-일반석고보드
현장공사분-수장공사,Walls,D3-일반석고보드
현장공사분-수장공사,Walls,D3-일반석고보드
현장공사분-수장공사,Walls,D3-일반석고보드
현장공사분-수장공사,Walls,D3-일반석고보드
현장공사분-수장공사,Walls,D3-일반석고보드
현장공사분-수장공사,Walls,D3-일반석고보드
현장공사분-수장공사,Walls,D3-일반석고보드
현장공사분-수장공사,Walls,D3-일반석고보드
현장공사분-수장공사,Walls,D3-일반석고보드
현장공사분-수장공사,Walls,D3-일반석고보드
현장공사분-수장공사,Walls,D3-일반석고보드
현장공사분-수장공사,Walls,D3-일반석고보드
현장공사분-수장공사,Walls,D4-그라스울보온재24k
현장공사분-수장공사,Walls,D4-그라스울보온재24k
현장공사분-수장공사,Walls,D4-일반석고보드
현장공사분-수장공사,Walls,D4-일반석고보드
현장공사분-수장공사,Walls,D4-일반석고보드
현장공사분-수장공사,Walls,D4-일반석고보드
현장공사분-수장공사,Walls,D4-일반석고보드
현장공사분-수장공사,Walls,D4-일반석고보드
현장공사분-수장공사,Walls,D4-일반석고보드
현장공사분-수장공사,Walls,D4-일반석고보드
현장공사분-수장공사,Walls,D6-그라스울보온재24k
현장공사분-수장공사,Walls,D6-그라스울보온재24k
현장공사분-수장공사,Walls,D6-그라스울보온재24k
현장공사분-수장공사,Walls,D6-그라스울보온재24k
현장공사분-수장공사,Walls,D6-일반석고보드
현장공사분-수장공사,Walls,D6-일반석고보드
현장공사분-수장공사,Walls,D6-일반석고보드
현장공사분-수장공사,Walls,D6-일반석고보드
현장공사분-수장공사,Walls,D6-일반석고보드
현장공사분-수장공사,Walls,D6-일반석고보드
현장공사분-수장공사,Walls,D6-일반석고보드
현장공사분-수장공사,Walls,D6-일반석고보드
현장공사분-수장공사,Walls,DF1-METAL C-STUD
현장공사분-수장공사,Walls,DF1-METAL C-STUD
현장공사분-수장공사,Walls,DF1-METAL C-STUD
현장공사분-수장공사,Walls,DF1-방화석고보드
현장공사분-수장공사,Walls,DF1-방화석고보드
현장공사분-수장공사,Walls,DF1-방화석고보드
현장공사분-수장공사,Walls,DF1-방화석고보드
현장공사분-수장공사,Walls,DF1-방화석고보드
현장공사분-수장공사,Walls,DF1-방화석고보드
현장공사분-수장공사,Walls,DF2-그라스울보온재24k
현장공사분-수장공사,Walls,DF2-그라스울보온재24k
현장공사분-수장공사,Walls,DF2-방화석고보드
현장공사분-수장공사,Walls,DF2-방화석고보드
현장공사분-수장공사,Walls,DF2-방화석고보드
현장공사분-수장공사,Walls,DF2-방화석고보드
현장공사분-수장공사,Walls,DF3-그라스울보온재24k
현장공사분-수장공사,Walls,DF3-그라스울보온재24k
현장공사분-수장공사,Walls,DF3-방화석고보드
현장공사분-수장공사,Walls,DF3-방화석고보드
현장공사분-수장공사,Walls,DF3-방화석고보드
현장공사분-수장공사,Walls,DF3-방화석고보드
현장공사분-수장공사,Walls,경질우레탄보드(T=120)(일면은박)-경질우레탄보드
현장공사분-수장공사,Walls,경질우레탄보드(T=120)(일면은박)-경질우레탄보드
현장공사분-수장공사,Walls,경질우레탄보드(T=120)(일면은박)-경질우레탄보드
현장공사분-수장공사,Walls,경질우레탄보드(T=120)(일면은박)-경질우레탄보드
현장공사분-수장공사,Walls,경질우레탄보드(T=50)
현장공사분-수장공사,Walls,경질우레탄보드(T=50)
현장공사분-수장공사,Walls,경질우레탄보드(T=50)
현장공사분-수장공사,Walls,경질우레탄보드(T=50)
현장공사분-수장공사,Walls,경질우레탄보드(T=50)
현장공사분-수장공사,Walls,경질우레탄보드(T=50)
현장공사분-수장공사,Walls,경질우레탄보드(T=50)
현장공사분-수장공사,Walls,경질우레탄보드(T=50)
현장공사분-수장공사,Walls,경질우레탄보드(T=50)
현장공사분-수장공사,Walls,그라스울패널(T=50)
현장공사분-수장공사,Walls,그라스울패널(T=50)
현장공사분-수장공사,Walls,그라스울패널(T=50)
현장공사분-수장공사,Walls,그라스울패널(T=50)
현장공사분-수장공사,Walls,그라스울패널(T=50)
현장공사분-수장공사,Walls,그라스울패널(T=50)
현장공사분-수장공사,Walls,그라스울패널(T=50)
현장공사분-수장공사,Walls,그라스울패널(T=50)
현장공사분-수장공사,Walls,그라스울패널(T=50)
현장공사분-수장공사,Walls,단연흡음뿜칠(T=10)
현장공사분-수장공사,Walls,단연흡음뿜칠(T=10)
현장공사분-수장공사,Walls,단연흡음뿜칠(T=10)
현장공사분-수장공사,Walls,우레탄심재 준불연단열재(T=100)
현장공사분-수장공사,Walls,우레탄심재 준불연단열재(T=70)
현장공사분-수장공사,Walls,우레탄심재 준불연단열재(T=70)
현장공사분-수장공사,Walls,우레탄심재 준불연단열재(T=70)
현장공사분-수장공사,Walls,우레탄심재 준불연단열재(T=70)
현장공사분-수장공사,Walls,일반석고보드(마감용)
현장공사분-수장공사,Walls,일반석고보드(마감용)
현장공사분-수장공사,Walls,일반석고보드(마감용)
현장공사분-수장공사,Walls,일반석고보드(마감용)
현장공사분-수장공사,Walls,일반석고보드(마감용)
현장공사분-수장공사,Walls,일반석고보드(마감용)
현장공사분-수장공사,Walls,일반석고보드(마감용)
현장공사분-수장공사,Walls,일반석고보드(마감용)
현장공사분-수장공사,Walls,일반석고보드(마감용)
현장공사분-수장공사,Walls,일반석고보드(마감용)
현장공사분-수장공사,Walls,일반석고보드(마감용)
현장공사분-수장공사,Walls,일반석고보드(마감용)
현장공사분-수장공사,Walls,일반석고보드(마감용)
현장공사분-수장공사,Walls,일반석고보드(마감용)
현장공사분-수장공사,Walls,일반석고보드(마감용)
현장공사분-수장공사,Walls,일반석고보드(마감용)
현장공사분-수장공사,Walls,일반석고보드(마감용)
현장공사분-수장공사,Walls,일반석고보드(마감용)
현장공사분-수장공사,Walls,일반석고보드(마감용)
현장공사분-수장공사,Walls,일반석고보드(마감용)
현장공사분-수장공사,Walls,일반석고보드(마감용)
현장공사분-수장공사,Walls,일반석고보드(마감용)
현장공사분-수장공사,Walls,일반석고보드(마감용)
현장공사분-수장공사,Walls,칼라강판(계단실 천장 상부)
현장공사분-수장공사,Walls,함석판(T=0.3)
현장공사분-수장공사,Walls,함석판(T=0.3)
현장공사분-지붕및홈통공사,Floors,경질우레탄보드(T=50)
현장공사분-지붕및홈통공사,Floors,경질우레탄보드(T=50)
현장공사분-지붕및홈통공사,Walls,경질우레탄보드(T=50)
현장공사분-지붕및홈통공사,Walls,경질우레탄보드(T=50)
현장공사분-지붕및홈통공사,Walls,경질우레탄보드(T=50)
현장공사분-창호및유리공사,Doors,SD4
현장공사분-창호및유리공사,Doors,SD6
현장공사분-창호및유리공사,Doors,SSD1
현장공사분-창호및유리공사,Doors,SSD2
현장공사분-창호및유리공사,Doors,SSD3
현장공사분-창호및유리공사,Doors,SSD4
현장공사분-창호및유리공사,Walls,HiddenWall(T=150)
현장공사분-창호및유리공사,Windows,AW5
현장공사분-창호및유리공사,Windows,AW7
현장공사분-창호및유리공사,Windows,AW8
현장공사분-철골공사,Floors,무수축모르타르(T=35)
현장공사분-철골공사,Floors,무수축모르타르(T=35)
현장공사분-철골공사,Floors,무수축모르타르(T=35)
현장공사분-철골공사,Floors,무수축모르타르(T=35)
현장공사분-철골공사,Floors,무수축모르타르(T=35)
현장공사분-철골공사,Floors,무수축모르타르(T=35)
현장공사분-철골공사,Floors,무수축모르타르(T=35)
현장공사분-철골공사,Floors,무수축모르타르(T=35)
현장공사분-철골공사,Floors,무수축모르타르(T=35)
현장공사분-철골공사,Floors,무수축모르타르(T=35)
현장공사분-철골공사,Floors,무수축모르타르(T=35)
현장공사분-철골공사,Floors,무수축모르타르(T=35)
현장공사분-철골공사,Floors,무수축모르타르(T=35)
현장공사분-철골공사,Floors,무수축모르타르(T=35)
현장공사분-철골공사,Floors,무수축모르타르(T=35)
현장공사분-철골공사,Floors,무수축모르타르(T=35)
현장공사분-철골공사,Floors,무수축모르타르(T=35)
현장공사분-철골공사,Floors,무수축모르타르(T=35)
현장공사분-철골공사,Floors,무수축모르타르(T=35)
현장공사분-철골공사,Floors,무수축모르타르(T=35)
현장공사분-철골공사,Floors,무수축모르타르(T=35)
현장공사분-철골공사,Floors,무수축모르타르(T=35)
현장공사분-철골공사,Floors,무수축모르타르(T=35)
현장공사분-철골공사,Floors,무수축모르타르(T=35)
현장공사분-철골공사,Floors,무수축모르타르(T=35)
현장공사분-철골공사,Floors,무수축모르타르(T=35)
현장공사분-철골공사,Floors,무수축모르타르(T=35)
현장공사분-철골공사,Floors,무수축모르타르(T=35)
현장공사분-철골공사,Floors,무수축모르타르(T=35)
현장공사분-철골공사,Floors,무수축모르타르(T=35)
현장공사분-철골공사,Floors,무수축모르타르(T=35)
현장공사분-철골공사,Floors,무수축모르타르(T=35)
현장공사분-철골공사,Floors,무수축모르타르(T=35)
현장공사분-철골공사,Floors,무수축모르타르(T=35)
현장공사분-철골공사,Floors,무수축모르타르(T=35)
현장공사분-철골공사,Floors,무수축모르타르(T=35)
현장공사분-철근콘크리트공사,Floors,무근콘크리트(T=100)(에폭시 마감)
현장공사분-철근콘크리트공사,Floors,무근콘크리트(T=100)(콘크리트 쇠흙손마감)
현장공사분-타일및돌공사,Floors,시멘트몰탈(T=35)
현장공사분-타일및돌공사,Floors,시멘트몰탈(T=35)
현장공사분-타일및돌공사,Floors,시멘트몰탈(T=35)
현장공사분-타일및돌공사,Floors,시멘트몰탈(T=35)
현장공사분-타일및돌공사,Floors,시멘트몰탈(T=35)
현장공사분-타일및돌공사,Floors,시멘트몰탈(T=35)
현장공사분-타일및돌공사,Floors,칼라강판
현장공사분-타일및돌공사,Floors,칼라강판
현장공사분-타일및돌공사,Floors,칼라강판
현장공사분-타일및돌공사,Floors,칼라강판
현장공사분-타일및돌공사,Floors,칼라강판
현장공사분-타일및돌공사,Floors,칼라강판
현장공사분-타일및돌공사,Floors,칼라강판
현장공사분-타일및돌공사,Floors,테라조타일(T=25)
현장공사분-타일및돌공사,Floors,테라조타일(T=25)
현장공사분-타일및돌공사,Floors,테라조타일(T=25)
현장공사분-타일및돌공사,Floors,테라조타일(T=25)
현장공사분-타일및돌공사,Floors,테라조타일(T=25)
현장공사분-타일및돌공사,Floors,테라조타일(T=25)
현장공사분-타일및돌공사,Floors,화강석(버너구이)(T=25)
현장공사분-타일및돌공사,Floors,화강석(버너구이)(T=30)
현장공사분-타일및돌공사,Rooms,시스템욕실 319
현장공사분-타일및돌공사,Walls,경질우레탄보드(T=120)(일면은박)-경질우레탄보드
현장공사분-타일및돌공사,Walls,경질우레탄보드(T=120)(일면은박)-경질우레탄보드
현장공사분-타일및돌공사,Walls,경질우레탄보드(T=120)(일면은박)-경질우레탄보드
현장공사분-타일및돌공사,Walls,경질우레탄보드(T=120)(일면은박)-경질우레탄보드
현장공사분-타일및돌공사,Walls,석재단열패널(연한회색)(T=35)
현장공사분-타일및돌공사,Walls,석재단열패널(연한회색)(T=35)
현장공사분-타일및돌공사,Walls,석재단열패널(연한회색)(T=35)
현장공사분-타일및돌공사,Walls,석재단열패널(연한회색)(T=35)
현장공사분-타일및돌공사,Walls,석재단열패널(연한회색)(T=35)
현장공사분-타일및돌공사,Walls,석재단열패널(연한회색)(T=35)
현장공사분-타일및돌공사,Walls,석재단열패널(연한회색)(T=35)
현장공사분-타일및돌공사,Walls,석재단열패널(연한회색)(T=35)
현장공사분-타일및돌공사,Walls,석재단열패널(연한회색)(T=35)
현장공사분-타일및돌공사,Walls,석재단열패널(연한회색)(T=35)
현장공사분-타일및돌공사,Walls,석재단열패널(연한회색)(T=35)
현장공사분-타일및돌공사,Walls,석재단열패널(연한회색)(T=35)
현장공사분-타일및돌공사,Walls,석재단열패널(연한회색)(T=35)
현장공사분-타일및돌공사,Walls,석재단열패널(연한회색)(T=35)
현장공사분-타일및돌공사,Walls,석재단열패널(연한회색)(T=35)
현장공사분-타일및돌공사,Walls,석재단열패널(연한회색)(T=35)
현장공사분-타일및돌공사,Walls,석재단열패널(연한회색)(T=35)
현장공사분-타일및돌공사,Walls,석재단열패널(연한회색)(T=35)
현장공사분-타일및돌공사,Walls,석재단열패널(연한회색)(T=35)
현장공사분-타일및돌공사,Walls,석재단열패널(연한회색)(T=35)
현장공사분-타일및돌공사,Walls,석재단열패널(연한회색)(T=35)
현장공사분-타일및돌공사,Walls,석재단열패널(연한회색)(T=35)
현장공사분-타일및돌공사,Walls,석재단열패널(연한회색)(T=35)
현장공사분-타일및돌공사,Walls,석재단열패널(연한회색)(T=35)
현장공사분-타일및돌공사,Walls,석재단열패널(연한회색)(T=35)
현장공사분-타일및돌공사,Walls,석재단열패널(연한회색)(T=35)
현장공사분-타일및돌공사,Walls,석재단열패널(연한회색)(T=35)
현장공사분-타일및돌공사,Walls,석재단열패널(연한회색)(T=35)
현장공사분-타일및돌공사,Walls,석재단열패널(연한회색)(T=35)
현장공사분-타일및돌공사,Walls,석재단열패널(연한회색)(T=35)
현장공사분-타일및돌공사,Walls,석재단열패널(연한회색)(T=35)
현장공사분-타일및돌공사,Walls,석재단열패널(연한회색)(T=35)
현장공사분-타일및돌공사,Walls,석재단열패널(연한회색)(T=35)
현장공사분-타일및돌공사,Walls,석재단열패널(연한회색)(T=35)
현장공사분-타일및돌공사,Walls,석재단열패널(연한회색)(T=35)
현장공사분-타일및돌공사,Walls,석재단열패널(연한회색)(T=35)
현장공사분-타일및돌공사,Walls,석재단열패널(연한회색)(T=35)
현장공사분-타일및돌공사,Walls,석재단열패널(연한회색)(T=35)
현장공사분-타일및돌공사,Walls,석재단열패널(연한회색)(T=35)
현장공사분-타일및돌공사,Walls,석재단열패널(연한회색)(T=35)
현장공사분-타일및돌공사,Walls,석재단열패널(연한회색)(T=35)
현장공사분-타일및돌공사,Walls,석재단열패널(연한회색)(T=35)
현장공사분-타일및돌공사,Walls,석재단열패널(연한회색)(T=35)
현장공사분-타일및돌공사,Walls,석재단열패널(연한회색)(T=35)
현장공사분-타일및돌공사,Walls,석재단열패널(연한회색)(T=35)
현장공사분-타일및돌공사,Walls,석재단열패널(연한회색)(T=35)
현장공사분-타일및돌공사,Walls,석재단열패널(연한회색)(T=35)
현장공사분-타일및돌공사,Walls,석재단열패널(연한회색)(T=35)
현장공사분-타일및돌공사,Walls,석재단열패널(연한회색)(T=35)
현장공사분-타일및돌공사,Walls,석재단열패널(연한회색)(T=35)
현장공사분-타일및돌공사,Walls,석재단열패널(연한회색)(T=35)
현장공사분-타일및돌공사,Walls,석재단열패널(연한회색)(T=35)
현장공사분-타일및돌공사,Walls,석재단열패널(연한회색)(T=35)
현장공사분-타일및돌공사,Walls,석재단열패널(연한회색)(T=35)
현장공사분-타일및돌공사,Walls,석재단열패널(연한회색)(T=35)
현장공사분-타일및돌공사,Walls,석재단열패널(회색)(T=35)
현장공사분-타일및돌공사,Walls,석재단열패널(회색)(T=35)
현장공사분-타일및돌공사,Walls,석재단열패널(회색)(T=35)
현장공사분-타일및돌공사,Walls,석재단열패널(회색)(T=35)
현장공사분-타일및돌공사,Walls,석재단열패널(회색)(T=35)
현장공사분-타일및돌공사,Walls,석재단열패널(회색)(T=35)
현장공사분-타일및돌공사,Walls,석재단열패널(회색)(T=35)
현장공사분-타일및돌공사,Walls,석재단열패널(회색)(T=35)
현장공사분-타일및돌공사,Walls,석재단열패널(회색)(T=35)
현장공사분-타일및돌공사,Walls,석재단열패널(회색)(T=35)
현장공사분-타일및돌공사,Walls,석재단열패널(회색)(T=35)
현장공사분-타일및돌공사,Walls,석재단열패널(회색)(T=35)
현장공사분-타일및돌공사,Walls,석재단열패널(회색)(T=35)
현장공사분-타일및돌공사,Walls,석재단열패널(회색)(T=35)
현장공사분-타일및돌공사,Walls,석재단열패널(회색)(T=35)
현장공사분-타일및돌공사,Walls,석재단열패널(회색)(T=35)
현장공사분-타일및돌공사,Walls,석재단열패널(회색)(T=35)
현장공사분-타일및돌공사,Walls,석재단열패널(회색)(T=35)
현장공사분-타일및돌공사,Walls,석재단열패널(회색)(T=35)
현장공사분-타일및돌공사,Walls,석재단열패널(회색)(T=35)
현장공사분-타일및돌공사,Walls,석재단열패널(회색)(T=35)
현장공사분-타일및돌공사,Walls,석재단열패널(회색)(T=35)
현장공사분-타일및돌공사,Walls,석재단열패널(회색)(T=35)
현장공사분-타일및돌공사,Walls,석재단열패널(회색)(T=35)
현장공사분-타일및돌공사,Walls,석재단열패널(회색)(T=35)
현장공사분-타일및돌공사,Walls,석재단열패널(회색)(T=35)
현장공사분-타일및돌공사,Walls,석재단열패널(회색)(T=35)
현장공사분-타일및돌공사,Walls,석재단열패널(회색)(T=35)
현장공사분-타일및돌공사,Walls,석재단열패널(회색)(T=35)
현장공사분-타일및돌공사,Walls,외벽 코킹
현장공사분-타일및돌공사,Walls,외벽 코킹
현장공사분-타일및돌공사,Walls,외벽 코킹
현장공사분-타일및돌공사,Walls,외벽 코킹
현장공사분-타일및돌공사,Walls,외벽 코킹
현장공사분-타일및돌공사,Walls,외벽 코킹
현장공사분-타일및돌공사,Walls,외벽 코킹
현장공사분-타일및돌공사,Walls,외벽 코킹
현장공사분-타일및돌공사,Walls,외벽 코킹
현장공사분-타일및돌공사,Walls,외벽 코킹
현장공사분-타일및돌공사,Walls,외벽 코킹
현장공사분-타일및돌공사,Walls,외벽 코킹
현장공사분-타일및돌공사,Walls,외벽 코킹
현장공사분-타일및돌공사,Walls,외벽 코킹
현장공사분-타일및돌공사,Walls,외벽 코킹
현장공사분-타일및돌공사,Walls,외벽 코킹
현장공사분-타일및돌공사,Walls,외벽 코킹
현장공사분-타일및돌공사,Walls,외벽 코킹
현장공사분-타일및돌공사,Walls,외벽 코킹
현장공사분-타일및돌공사,Walls,외벽 코킹
현장공사분-타일및돌공사,Walls,화강석(버너구이)(T=15)
현장공사분-타일및돌공사,Walls,화강석(버너구이)(T=15)
현장공사분-타일및돌공사,Walls,화강석(버너구이)(T=15)
현장공사분-타일및돌공사,Walls,화강석(버너구이)(T=15)
현장공사분-타일및돌공사,Walls,화강석(버너구이)(T=15)
